concept_key,display_name,category,difficulty,recommended_for_mvp,status,source_files,notes
awaken_him,awaken him,actions,beginner,True,draft_needs_review,simple-eng-med.xlsx,Auto-extracted from short English-Médumba pair. Needs native speaker review.
bring,Bring,actions,beginner,True,draft_needs_review,simple-eng-med.xlsx,Auto-extracted from short English-Médumba pair. Needs native speaker review.
bring_back_to_you,Bring back to you,actions,beginner,True,draft_needs_review,simple-eng-med.xlsx,Auto-extracted from short English-Médumba pair. Needs native speaker review.
come,Come,actions,beginner,True,draft_needs_review,simple-eng-med.xlsx,Auto-extracted from short English-Médumba pair. Needs native speaker review.
come_and_embrace_me,Come and embrace me,actions,beginner,True,draft_needs_review,simple-eng-med.xlsx,Auto-extracted from short English-Médumba pair. Needs native speaker review.
come_and_get,Come and get,actions,beginner,True,draft_needs_review,simple-eng-med.xlsx,Auto-extracted from short English-Médumba pair. Needs native speaker review.
come_and_greet_me,Come and greet me,actions,beginner,True,draft_needs_review,simple-eng-med.xlsx,Auto-extracted from short English-Médumba pair. Needs native speaker review.
come_and_sleep,Come and sleep,actions,beginner,True,draft_needs_review,simple-eng-med.xlsx,Auto-extracted from short English-Médumba pair. Needs native speaker review.
come_and_take,Come and take,actions,beginner,True,draft_needs_review,simple-eng-med.xlsx,Auto-extracted from short English-Médumba pair. Needs native speaker review.
do_it_again,Do it again,actions,beginner,True,draft_needs_review,simple-eng-med.xlsx,Auto-extracted from short English-Médumba pair. Needs native speaker review.
do_like_that,Do like that,actions,beginner,True,draft_needs_review,simple-eng-med.xlsx,Auto-extracted from short English-Médumba pair. Needs native speaker review.
do_like_this,Do like this,actions,beginner,True,draft_needs_review,simple-eng-med.xlsx,Auto-extracted from short English-Médumba pair. Needs native speaker review.
don_t_awaken_her,don't awaken her,actions,beginner,True,draft_needs_review,simple-eng-med.xlsx,Auto-extracted from short English-Médumba pair. Needs native speaker review.
don_t_buy,Don't buy,actions,beginner,True,draft_needs_review,simple-eng-med.xlsx,Auto-extracted from short English-Médumba pair. Needs native speaker review.
don_t_come,Don't come,actions,beginner,True,draft_needs_review,simple-eng-med.xlsx,Auto-extracted from short English-Médumba pair. Needs native speaker review.
don_t_do_it_again,Don't do it again,actions,beginner,True,draft_needs_review,simple-eng-med.xlsx,Auto-extracted from short English-Médumba pair. Needs native speaker review.
don_t_do_like_that,Don't do like that,actions,beginner,True,draft_needs_review,simple-eng-med.xlsx,Auto-extracted from short English-Médumba pair. Needs native speaker review.
don_t_finish,Don't finish,actions,beginner,True,draft_needs_review,simple-eng-med.xlsx,Auto-extracted from short English-Médumba pair. Needs native speaker review.
don_t_finish_your_money,Don't finish your money,actions,beginner,True,draft_needs_review,simple-eng-med.xlsx,Auto-extracted from short English-Médumba pair. Needs native speaker review.
don_t_hit_her,Don't hit her,actions,beginner,True,draft_needs_review,simple-eng-med.xlsx,Auto-extracted from short English-Médumba pair. Needs native speaker review.
don_t_sell,Don't sell,actions,beginner,True,draft_needs_review,simple-eng-med.xlsx,Auto-extracted from short English-Médumba pair. Needs native speaker review.
don_t_sit,Don't sit,actions,beginner,True,draft_needs_review,simple-eng-med.xlsx,Auto-extracted from short English-Médumba pair. Needs native speaker review.
don_t_touch,Don't touch,actions,beginner,True,draft_needs_review,simple-eng-med.xlsx,Auto-extracted from short English-Médumba pair. Needs native speaker review.
don_t_walk,Don't walk,actions,beginner,True,draft_needs_review,simple-eng-med.xlsx,Auto-extracted from short English-Médumba pair. Needs native speaker review.
give_him,Give him,actions,beginner,True,draft_needs_review,simple-eng-med.xlsx,Auto-extracted from short English-Médumba pair. Needs native speaker review.
give_me,Give me,actions,beginner,True,draft_needs_review,simple-eng-med.xlsx,Auto-extracted from short English-Médumba pair. Needs native speaker review.
give_me_your_hand_story,Give me your hand,actions,beginner_plus,True,draft_needs_review,frabcaise_3.xlsx,Dialogue phrase from story
give_mine,Give mine,actions,beginner,True,draft_needs_review,simple-eng-med.xlsx,Auto-extracted from short English-Médumba pair. Needs native speaker review.
go,Go,actions,beginner,True,draft_needs_review,simple-eng-med.xlsx,Auto-extracted from short English-Médumba pair. Needs native speaker review.
go_and_sleep,Go and sleep,actions,beginner,True,draft_needs_review,simple-eng-med.xlsx,Auto-extracted from short English-Médumba pair. Needs native speaker review.
go_with_this,Go with this,actions,beginner,True,draft_needs_review,simple-eng-med.xlsx,Auto-extracted from short English-Médumba pair. Needs native speaker review.
i_am_going_to_hit_you,I am going to hit you,actions,beginner,True,draft_needs_review,simple-eng-med.xlsx,Auto-extracted from short English-Médumba pair. Needs native speaker review.
i_don_t_have,I don't have,actions,beginner,True,draft_needs_review,simple-eng-med.xlsx,Auto-extracted from short English-Médumba pair. Needs native speaker review.
i_don_t_have_money,I don't have money,actions,beginner,True,draft_needs_review,simple-eng-med.xlsx,Auto-extracted from short English-Médumba pair. Needs native speaker review.
i_forgot,I forgot,actions,beginner,True,draft_needs_review,simple-eng-med.xlsx,Auto-extracted from short English-Médumba pair. Needs native speaker review.
jump,Jump,actions,beginner,True,draft_needs_review,simple-eng-med.xlsx,Auto-extracted from short English-Médumba pair. Needs native speaker review.
let_her_go,Let her go,actions,beginner,True,draft_needs_review,simple-eng-med.xlsx,Auto-extracted from short English-Médumba pair. Needs native speaker review.
let_s_go,Let's go,actions,beginner,True,draft_needs_review,simple-eng-med.xlsx,Auto-extracted from short English-Médumba pair. Needs native speaker review.
let_s_go_and_sleep,Let's go and sleep,actions,beginner,True,draft_needs_review,simple-eng-med.xlsx,Auto-extracted from short English-Médumba pair. Needs native speaker review.
let_s_go_to_the_hospital,Let’s go to the hospital,actions,beginner,True,draft_needs_review,simple-eng-med.xlsx,Auto-extracted from short English-Médumba pair. Needs native speaker review.
let_s_go_to_the_shop,Let’s go to the shop,actions,beginner,True,draft_needs_review,simple-eng-med.xlsx,Auto-extracted from short English-Médumba pair. Needs native speaker review.
pick_it,Pick it,actions,beginner,True,draft_needs_review,simple-eng-med.xlsx,Auto-extracted from short English-Médumba pair. Needs native speaker review.
please_give_mine,Please give mine,actions,beginner,True,draft_needs_review,simple-eng-med.xlsx,Auto-extracted from short English-Médumba pair. Needs native speaker review.
push,Push,actions,beginner,True,draft_needs_review,simple-eng-med.xlsx,Auto-extracted from short English-Médumba pair. Needs native speaker review.
run,Run,actions,beginner,True,draft_needs_review,simple-eng-med.xlsx,Auto-extracted from short English-Médumba pair. Needs native speaker review.
sleep,Sleep,actions,beginner,True,draft_needs_review,simple-eng-med.xlsx,Auto-extracted from short English-Médumba pair. Needs native speaker review.
stand,Stand,actions,beginner,True,draft_needs_review,simple-eng-med.xlsx,Auto-extracted from short English-Médumba pair. Needs native speaker review.
take,Take,actions,beginner,True,draft_needs_review,simple-eng-med.xlsx,Auto-extracted from short English-Médumba pair. Needs native speaker review.
throw,Throw,actions,beginner,True,draft_needs_review,simple-eng-med.xlsx,Auto-extracted from short English-Médumba pair. Needs native speaker review.
tie,Tie,actions,beginner,True,draft_needs_review,simple-eng-med.xlsx,Auto-extracted from short English-Médumba pair. Needs native speaker review.
tie_that,Tie that,actions,beginner,True,draft_needs_review,simple-eng-med.xlsx,Auto-extracted from short English-Médumba pair. Needs native speaker review.
walk,Walk,actions,beginner,True,draft_needs_review,simple-eng-med.xlsx,Auto-extracted from short English-Médumba pair. Needs native speaker review.
a_dog,A dog,animals,beginner,True,draft_needs_review,simple-eng-med.xlsx,Auto-extracted from short English-Médumba pair. Needs native speaker review.
a_snake,A snake,animals,beginner,True,draft_needs_review,simple-eng-med.xlsx,Auto-extracted from short English-Médumba pair. Needs native speaker review.
animal,animal,animals,beginner_plus,True,draft_needs_review,frabcaise_3.xlsx,Story vocabulary
hyena,hyena,animals,beginner_plus,True,draft_needs_review,frabcaise_3.xlsx,Story vocabulary
jackal,jackal,animals,beginner_plus,True,draft_needs_review,frabcaise_3.xlsx,Story vocabulary
lion,lion,animals,beginner_plus,True,draft_needs_review,frabcaise_3.xlsx,Story vocabulary
lioness,lioness,animals,beginner_plus,True,draft_needs_review,frabcaise_3.xlsx,Needs reviewer check
the_cat,The cat,animals,beginner,True,draft_needs_review,simple-eng-med.xlsx,Auto-extracted from short English-Médumba pair. Needs native speaker review.
the_mouse,The mouse,animals,beginner,True,draft_needs_review,simple-eng-med.xlsx,Auto-extracted from short English-Médumba pair. Needs native speaker review.
tiger,tiger,animals,beginner_plus,True,draft_needs_review,frabcaise_3.xlsx,Story/proverb vocabulary
loaded,Loaded:,app_ui,ui,True,draft_needs_review,simple-eng-med.xlsx,Auto-extracted from short English-Médumba pair. Needs native speaker review.
mute,Mute,app_ui,ui,True,draft_needs_review,simple-eng-med.xlsx,Auto-extracted from short English-Médumba pair. Needs native speaker review.
play,Play,app_ui,ui,True,draft_needs_review,simple-eng-med.xlsx,Auto-extracted from short English-Médumba pair. Needs native speaker review.
progress,Progress:,app_ui,ui,True,draft_needs_review,simple-eng-med.xlsx,Auto-extracted from short English-Médumba pair. Needs native speaker review.
ahead,Ahead,body,beginner,True,draft_needs_review,simple-eng-med.xlsx,Auto-extracted from short English-Médumba pair. Needs native speaker review.
belly,Belly,body,beginner,True,draft_needs_review,simple-eng-med.xlsx,Auto-extracted from short English-Médumba pair. Needs native speaker review.
close_your_eyes,Close your eyes,body,beginner,True,draft_needs_review,simple-eng-med.xlsx,Auto-extracted from short English-Médumba pair. Needs native speaker review.
do_you_hear,Do you hear?,body,beginner,True,draft_needs_review,simple-eng-med.xlsx,Auto-extracted from short English-Médumba pair. Needs native speaker review.
don_t_hear,Don't hear,body,beginner,True,draft_needs_review,simple-eng-med.xlsx,Auto-extracted from short English-Médumba pair. Needs native speaker review.
ears,Ears,body,beginner,True,draft_needs_review,simple-eng-med.xlsx,Auto-extracted from short English-Médumba pair. Needs native speaker review.
hand,Hand,body,beginner,True,draft_needs_review,simple-eng-med.xlsx,Auto-extracted from short English-Médumba pair. Needs native speaker review.
head,Head,body,beginner,True,draft_needs_review,simple-eng-med.xlsx,Auto-extracted from short English-Médumba pair. Needs native speaker review.
hear,hear,body,beginner,True,draft_needs_review,simple-eng-med.xlsx,Auto-extracted from short English-Médumba pair. Needs native speaker review.
i_have_heard,I have heard,body,beginner,True,draft_needs_review,simple-eng-med.xlsx,Auto-extracted from short English-Médumba pair. Needs native speaker review.
learn,Learn,body,beginner,True,draft_needs_review,simple-eng-med.xlsx,Auto-extracted from short English-Médumba pair. Needs native speaker review.
mouth,MOUTH,body,beginner,True,draft_needs_review,simple-eng-med.xlsx,Auto-extracted from short English-Médumba pair. Needs native speaker review.
move_ahead,Move ahead,body,beginner,True,draft_needs_review,simple-eng-med.xlsx,Auto-extracted from short English-Médumba pair. Needs native speaker review.
my_belly_hurts,My belly hurts,body,beginner,True,draft_needs_review,simple-eng-med.xlsx,Auto-extracted from short English-Médumba pair. Needs native speaker review.
put_your_hand_here,Put your hand here,body,beginner,True,draft_needs_review,simple-eng-med.xlsx,Auto-extracted from short English-Médumba pair. Needs native speaker review.
remove_your_hand,Remove your hand,body,beginner,True,draft_needs_review,simple-eng-med.xlsx,Auto-extracted from short English-Médumba pair. Needs native speaker review.
search,search,body,beginner,True,draft_needs_review,simple-eng-med.xlsx,Auto-extracted from short English-Médumba pair. Needs native speaker review.
search_for_your_shoes,Search for your shoes,body,beginner,True,draft_needs_review,simple-eng-med.xlsx,Auto-extracted from short English-Médumba pair. Needs native speaker review.
searching,searching,body,beginner,True,draft_needs_review,simple-eng-med.xlsx,Auto-extracted from short English-Médumba pair. Needs native speaker review.
show_your_hand,Show your hand,body,beginner,True,draft_needs_review,simple-eng-med.xlsx,Auto-extracted from short English-Médumba pair. Needs native speaker review.
stretch_your_hand,Stretch your hand,body,beginner,True,draft_needs_review,simple-eng-med.xlsx,Auto-extracted from short English-Médumba pair. Needs native speaker review.
take_off_your_hand,Take off your hand,body,beginner,True,draft_needs_review,simple-eng-med.xlsx,Auto-extracted from short English-Médumba pair. Needs native speaker review.
the_chest,The chest,body,beginner,True,draft_needs_review,simple-eng-med.xlsx,Auto-extracted from short English-Médumba pair. Needs native speaker review.
the_eyes,The eyes,body,beginner,True,draft_needs_review,simple-eng-med.xlsx,Auto-extracted from short English-Médumba pair. Needs native speaker review.
the_legs,The legs,body,beginner,True,draft_needs_review,simple-eng-med.xlsx,Auto-extracted from short English-Médumba pair. Needs native speaker review.
the_mouth,The mouth,body,beginner,True,draft_needs_review,simple-eng-med.xlsx,Auto-extracted from short English-Médumba pair. Needs native speaker review.
the_tongue,The tongue,body,beginner,True,draft_needs_review,simple-eng-med.xlsx,Auto-extracted from short English-Médumba pair. Needs native speaker review.
there_he_is_near_you,There he is near you,body,beginner,True,draft_needs_review,simple-eng-med.xlsx,Auto-extracted from short English-Médumba pair. Needs native speaker review.
there_near_you,There near you,body,beginner,True,draft_needs_review,simple-eng-med.xlsx,Auto-extracted from short English-Médumba pair. Needs native speaker review.
wash_your_hand,Wash your hand,body,beginner,True,draft_needs_review,simple-eng-med.xlsx,Auto-extracted from short English-Médumba pair. Needs native speaker review.
wash_your_hands,Wash your hands,body,beginner,True,draft_needs_review,simple-eng-med.xlsx,Auto-extracted from short English-Médumba pair. Needs native speaker review.
we_walk_with_legs,We walk with legs,body,beginner,True,draft_needs_review,simple-eng-med.xlsx,Auto-extracted from short English-Médumba pair. Needs native speaker review.
wear_a_garment,Wear a garment,body,beginner,True,draft_needs_review,simple-eng-med.xlsx,Auto-extracted from short English-Médumba pair. Needs native speaker review.
wear_an_outfit,Wear an outfit,body,beginner,True,draft_needs_review,simple-eng-med.xlsx,Auto-extracted from short English-Médumba pair. Needs native speaker review.
wear_the_shoes,Wear the shoes,body,beginner,True,draft_needs_review,simple-eng-med.xlsx,Auto-extracted from short English-Médumba pair. Needs native speaker review.
wear_your_outfit,Wear your outfit,body,beginner,True,draft_needs_review,simple-eng-med.xlsx,Auto-extracted from short English-Médumba pair. Needs native speaker review.
wear_your_shoes,Wear your shoes,body,beginner,True,draft_needs_review,simple-eng-med.xlsx,Auto-extracted from short English-Médumba pair. Needs native speaker review.
with_the_mouth,With the mouth,body,beginner,True,draft_needs_review,simple-eng-med.xlsx,Auto-extracted from short English-Médumba pair. Needs native speaker review.
your_eye,Your eye,body,beginner,True,draft_needs_review,simple-eng-med.xlsx,Auto-extracted from short English-Médumba pair. Needs native speaker review.
your_eyes,Your eyes,body,beginner,True,draft_needs_review,simple-eng-med.xlsx,Auto-extracted from short English-Médumba pair. Needs native speaker review.
a_little,A little,descriptions_quantity,beginner_plus,True,draft_needs_review,simple-eng-med.xlsx,Auto-extracted from short English-Médumba pair. Needs native speaker review.
a_little_bit,A little bit,descriptions_quantity,beginner_plus,True,draft_needs_review,simple-eng-med.xlsx,Auto-extracted from short English-Médumba pair. Needs native speaker review.
a_lot,A lot,descriptions_quantity,beginner_plus,True,draft_needs_review,simple-eng-med.xlsx,Auto-extracted from short English-Médumba pair. Needs native speaker review.
cloth,Cloth,descriptions_quantity,beginner_plus,True,draft_needs_review,simple-eng-med.xlsx,Auto-extracted from short English-Médumba pair. Needs native speaker review.
exactly,Exactly,descriptions_quantity,beginner_plus,True,draft_needs_review,simple-eng-med.xlsx,Auto-extracted from short English-Médumba pair. Needs native speaker review.
he_is_very_short,He is very short,descriptions_quantity,beginner_plus,True,draft_needs_review,simple-eng-med.xlsx,Auto-extracted from short English-Médumba pair. Needs native speaker review.
it_is_a_lie,It is a lie,descriptions_quantity,beginner_plus,True,draft_needs_review,simple-eng-med.xlsx,Auto-extracted from short English-Médumba pair. Needs native speaker review.
it_is_enough,It is enough,descriptions_quantity,beginner_plus,True,draft_needs_review,simple-eng-med.xlsx,Auto-extracted from short English-Médumba pair. Needs native speaker review.
it_is_enough_like_that,It is enough like that,descriptions_quantity,beginner_plus,True,draft_needs_review,simple-eng-med.xlsx,Auto-extracted from short English-Médumba pair. Needs native speaker review.
it_is_much,It is much,descriptions_quantity,beginner_plus,True,draft_needs_review,simple-eng-med.xlsx,Auto-extracted from short English-Médumba pair. Needs native speaker review.
it_is_not_enough,It is not enough,descriptions_quantity,beginner_plus,True,draft_needs_review,simple-eng-med.xlsx,Auto-extracted from short English-Médumba pair. Needs native speaker review.
it_is_not_true,It is not true,descriptions_quantity,beginner_plus,True,draft_needs_review,simple-eng-med.xlsx,Auto-extracted from short English-Médumba pair. Needs native speaker review.
it_is_small,It is small,descriptions_quantity,beginner_plus,True,draft_needs_review,simple-eng-med.xlsx,Auto-extracted from short English-Médumba pair. Needs native speaker review.
it_is_too_much,It is too much,descriptions_quantity,beginner_plus,True,draft_needs_review,simple-eng-med.xlsx,Auto-extracted from short English-Médumba pair. Needs native speaker review.
it_is_true,It is true,descriptions_quantity,beginner_plus,True,draft_needs_review,simple-eng-med.xlsx,Auto-extracted from short English-Médumba pair. Needs native speaker review.
it_s_long,It's long,descriptions_quantity,beginner_plus,True,draft_needs_review,simple-eng-med.xlsx,Auto-extracted from short English-Médumba pair. Needs native speaker review.
it_s_short,It's short,descriptions_quantity,beginner_plus,True,draft_needs_review,simple-eng-med.xlsx,Auto-extracted from short English-Médumba pair. Needs native speaker review.
small,Small,descriptions_quantity,beginner_plus,True,draft_needs_review,simple-eng-med.xlsx,Auto-extracted from short English-Médumba pair. Needs native speaker review.
so_much,So much,descriptions_quantity,beginner_plus,True,draft_needs_review,simple-eng-med.xlsx,Auto-extracted from short English-Médumba pair. Needs native speaker review.
that_rope_is_too_long,That rope is too long,descriptions_quantity,beginner_plus,True,draft_needs_review,simple-eng-med.xlsx,Auto-extracted from short English-Médumba pair. Needs native speaker review.
that_s_right,That's right,descriptions_quantity,beginner_plus,True,draft_needs_review,simple-eng-med.xlsx,Auto-extracted from short English-Médumba pair. Needs native speaker review.
too_much,Too much,descriptions_quantity,beginner_plus,True,draft_needs_review,simple-eng-med.xlsx,Auto-extracted from short English-Médumba pair. Needs native speaker review.
a_boy,A boy,family_people,beginner,True,draft_needs_review,simple-eng-med.xlsx,Auto-extracted from short English-Médumba pair. Needs native speaker review.
a_girl,A girl,family_people,beginner,True,draft_needs_review,simple-eng-med.xlsx,Auto-extracted from short English-Médumba pair. Needs native speaker review.
a_woman,A woman,family_people,beginner,True,draft_needs_review,simple-eng-med.xlsx,Auto-extracted from short English-Médumba pair. Needs native speaker review.
child,child,family_people,beginner_plus,True,draft_needs_review,frabcaise_3.xlsx,Story vocabulary
children_should_obey_their_parents,Children should obey their parents.,family_people,beginner,True,draft_needs_review,simple-eng-med.xlsx,Auto-extracted from short English-Médumba pair. Needs native speaker review.
father,Father,family_people,beginner,True,draft_needs_review,simple-eng-med.xlsx,Auto-extracted from short English-Médumba pair. Needs native speaker review.
friend,friend,family_people,beginner_plus,True,draft_needs_review,Anta et Mamadou (1).docx,Extracted from story; review
give_to_your_brother,Give to your brother,family_people,beginner,True,draft_needs_review,simple-eng-med.xlsx,Auto-extracted from short English-Médumba pair. Needs native speaker review.
husband,Husband,family_people,beginner,True,draft_needs_review,simple-eng-med.xlsx,Auto-extracted from short English-Médumba pair. Needs native speaker review.
in_the_name_of_the_father,In the name of the father,family_people,beginner,True,draft_needs_review,simple-eng-med.xlsx,Auto-extracted from short English-Médumba pair. Needs native speaker review.
mother,mother,family_people,beginner,True,draft_needs_review,simple-eng-med.xlsx,Auto-extracted from short English-Médumba pair. Needs native speaker review.
my_brother,My brother,family_people,beginner,True,draft_needs_review,simple-eng-med.xlsx,Auto-extracted from short English-Médumba pair. Needs native speaker review.
my_father,My father,family_people,beginner,True,draft_needs_review,simple-eng-med.xlsx,Auto-extracted from short English-Médumba pair. Needs native speaker review.
my_mother,My mother,family_people,beginner,True,draft_needs_review,simple-eng-med.xlsx,Auto-extracted from short English-Médumba pair. Needs native speaker review.
my_sister,My sister,family_people,beginner,True,draft_needs_review,simple-eng-med.xlsx,Auto-extracted from short English-Médumba pair. Needs native speaker review.
please_mother,Please mother,family_people,beginner,True,draft_needs_review,simple-eng-med.xlsx,Auto-extracted from short English-Médumba pair. Needs native speaker review.
please_my_brother,Please my brother,family_people,beginner,True,draft_needs_review,simple-eng-med.xlsx,Auto-extracted from short English-Médumba pair. Needs native speaker review.
please_my_sister,Please my sister,family_people,beginner,True,draft_needs_review,simple-eng-med.xlsx,Auto-extracted from short English-Médumba pair. Needs native speaker review.
the_child,The child,family_people,beginner,True,draft_needs_review,simple-eng-med.xlsx,Auto-extracted from short English-Médumba pair. Needs native speaker review.
the_child_is_sick,The child is sick,family_people,beginner,True,draft_needs_review,simple-eng-med.xlsx,Auto-extracted from short English-Médumba pair. Needs native speaker review.
where_is_your_dad,Where is your Dad?,family_people,beginner,True,draft_needs_review,simple-eng-med.xlsx,Auto-extracted from short English-Médumba pair. Needs native speaker review.
where_is_your_father,Where is your father?,family_people,beginner,True,draft_needs_review,simple-eng-med.xlsx,Auto-extracted from short English-Médumba pair. Needs native speaker review.
wife,Wife,family_people,beginner,True,draft_needs_review,simple-eng-med.xlsx; frabcaise_3.xlsx,Auto-extracted from short English-Médumba pair. Needs native speaker review.; Context-sensitive; review
woman,Woman,family_people,beginner,True,draft_needs_review,simple-eng-med.xlsx,Auto-extracted from short English-Médumba pair. Needs native speaker review.
young_man,young man,family_people,beginner_plus,True,draft_needs_review,frabcaise_3.xlsx,Story vocabulary from Le jeune homme et le lion
be_happy,Be happy,feelings,beginner_plus,True,draft_needs_review,simple-eng-med.xlsx,Auto-extracted from short English-Médumba pair. Needs native speaker review.
be_mad,Be mad,feelings,beginner_plus,True,draft_needs_review,simple-eng-med.xlsx,Auto-extracted from short English-Médumba pair. Needs native speaker review.
cry,Cry,feelings,beginner_plus,True,draft_needs_review,simple-eng-med.xlsx,Auto-extracted from short English-Médumba pair. Needs native speaker review.
get_mad,Get mad,feelings,beginner_plus,True,draft_needs_review,simple-eng-med.xlsx,Auto-extracted from short English-Médumba pair. Needs native speaker review.
i_am_happy,I am happy,feelings,beginner_plus,True,draft_needs_review,simple-eng-med.xlsx,Auto-extracted from short English-Médumba pair. Needs native speaker review.
i_feel_sorry_for_you,I feel sorry for you,feelings,beginner_plus,True,draft_needs_review,simple-eng-med.xlsx,Auto-extracted from short English-Médumba pair. Needs native speaker review.
i_love_you,I love you,feelings,beginner_plus,True,draft_needs_review,simple-eng-med.xlsx,Auto-extracted from short English-Médumba pair. Needs native speaker review.
i_love_you_so_much,I love you so much,feelings,beginner_plus,True,draft_needs_review,simple-eng-med.xlsx,Auto-extracted from short English-Médumba pair. Needs native speaker review.
laugh,Laugh,feelings,beginner_plus,True,draft_needs_review,simple-eng-med.xlsx,Auto-extracted from short English-Médumba pair. Needs native speaker review.
love,Love,feelings,beginner_plus,True,draft_needs_review,simple-eng-med.xlsx,Auto-extracted from short English-Médumba pair. Needs native speaker review.
show_love,Show love.,feelings,beginner_plus,True,draft_needs_review,simple-eng-med.xlsx,Auto-extracted from short English-Médumba pair. Needs native speaker review.
you_are_crying,You are crying,feelings,beginner_plus,True,draft_needs_review,simple-eng-med.xlsx,Auto-extracted from short English-Médumba pair. Needs native speaker review.
you_are_laughing,You are laughing,feelings,beginner_plus,True,draft_needs_review,simple-eng-med.xlsx,Auto-extracted from short English-Médumba pair. Needs native speaker review.
are_you_hungry,Are you hungry?,food_drink,beginner,True,draft_needs_review,simple-eng-med.xlsx,Auto-extracted from short English-Médumba pair. Needs native speaker review.
breathe,Breathe,food_drink,beginner,True,draft_needs_review,simple-eng-med.xlsx,Auto-extracted from short English-Médumba pair. Needs native speaker review.
chilli_pepper,Chilli pepper,food_drink,beginner,True,draft_needs_review,simple-eng-med.xlsx,Auto-extracted from short English-Médumba pair. Needs native speaker review.
don_t_finish_food,Don't finish food,food_drink,beginner,True,draft_needs_review,simple-eng-med.xlsx,Auto-extracted from short English-Médumba pair. Needs native speaker review.
don_t_finish_your_food,Don't finish your food,food_drink,beginner,True,draft_needs_review,simple-eng-med.xlsx,Auto-extracted from short English-Médumba pair. Needs native speaker review.
drink,Drink,food_drink,beginner,True,draft_needs_review,simple-eng-med.xlsx,Auto-extracted from short English-Médumba pair. Needs native speaker review.
drink_water,Drink water,food_drink,beginner,True,draft_needs_review,simple-eng-med.xlsx,Auto-extracted from short English-Médumba pair. Needs native speaker review.
eat,Eat,food_drink,beginner,True,draft_needs_review,simple-eng-med.xlsx,Auto-extracted from short English-Médumba pair. Needs native speaker review.
eat_meat,Eat meat,food_drink,beginner,True,draft_needs_review,simple-eng-med.xlsx,Auto-extracted from short English-Médumba pair. Needs native speaker review.
food_is_finish,Food is finish,food_drink,beginner,True,draft_needs_review,simple-eng-med.xlsx,Auto-extracted from short English-Médumba pair. Needs native speaker review.
have_a_seat,Have a seat,food_drink,beginner,True,draft_needs_review,simple-eng-med.xlsx,Auto-extracted from short English-Médumba pair. Needs native speaker review.
have_a_seat_please,Have a seat please,food_drink,beginner,True,draft_needs_review,simple-eng-med.xlsx,Auto-extracted from short English-Médumba pair. Needs native speaker review.
have_you_eaten,Have you eaten?,food_drink,beginner,True,draft_needs_review,simple-eng-med.xlsx,Auto-extracted from short English-Médumba pair. Needs native speaker review.
hunger,Hunger,food_drink,beginner,True,draft_needs_review,simple-eng-med.xlsx,Auto-extracted from short English-Médumba pair. Needs native speaker review.
i_am_eating,I am eating,food_drink,beginner,True,draft_needs_review,simple-eng-med.xlsx,Auto-extracted from short English-Médumba pair. Needs native speaker review.
i_am_hungry,I am hungry,food_drink,beginner,True,draft_needs_review,simple-eng-med.xlsx,Auto-extracted from short English-Médumba pair. Needs native speaker review.
i_will_drink_water,I will drink water,food_drink,beginner,True,draft_needs_review,simple-eng-med.xlsx,Auto-extracted from short English-Médumba pair. Needs native speaker review.
i_will_eat,I will eat,food_drink,beginner,True,draft_needs_review,simple-eng-med.xlsx,Auto-extracted from short English-Médumba pair. Needs native speaker review.
meat,Meat,food_drink,beginner,True,draft_needs_review,simple-eng-med.xlsx,Auto-extracted from short English-Médumba pair. Needs native speaker review.
plantain,Plantain,food_drink,beginner,True,draft_needs_review,simple-eng-med.xlsx,Auto-extracted from short English-Médumba pair. Needs native speaker review.
repeat_please,"Repeat, please",food_drink,beginner,True,draft_needs_review,simple-eng-med.xlsx,Auto-extracted from short English-Médumba pair. Needs native speaker review.
rice,Rice,food_drink,beginner,True,draft_needs_review,simple-eng-med.xlsx,Auto-extracted from short English-Médumba pair. Needs native speaker review.
spices,Spices,food_drink,beginner,True,draft_needs_review,simple-eng-med.xlsx,Auto-extracted from short English-Médumba pair. Needs native speaker review.
the_dog_ate_meat,The dog ate meat,food_drink,beginner,True,draft_needs_review,simple-eng-med.xlsx,Auto-extracted from short English-Médumba pair. Needs native speaker review.
the_dog_ate_meat_everyday,The dog ate meat everyday,food_drink,beginner,True,draft_needs_review,simple-eng-med.xlsx,Auto-extracted from short English-Médumba pair. Needs native speaker review.
the_dog_ate_meat_yesterday,The dog ate meat yesterday,food_drink,beginner,True,draft_needs_review,simple-eng-med.xlsx,Auto-extracted from short English-Médumba pair. Needs native speaker review.
the_dog_eats_meat,The dog eats meat,food_drink,beginner,True,draft_needs_review,simple-eng-med.xlsx,Auto-extracted from short English-Médumba pair. Needs native speaker review.
the_dog_is_eating_meat,The dog is eating meat,food_drink,beginner,True,draft_needs_review,simple-eng-med.xlsx,Auto-extracted from short English-Médumba pair. Needs native speaker review.
the_dog_will_eat_meat,The dog will eat meat,food_drink,beginner,True,draft_needs_review,simple-eng-med.xlsx,Auto-extracted from short English-Médumba pair. Needs native speaker review.
the_sauce,The sauce,food_drink,beginner,True,draft_needs_review,simple-eng-med.xlsx,Auto-extracted from short English-Médumba pair. Needs native speaker review.
water,Water,food_drink,beginner,True,draft_needs_review,simple-eng-med.xlsx,Auto-extracted from short English-Médumba pair. Needs native speaker review.
water_is_finish,Water is finish,food_drink,beginner,True,draft_needs_review,simple-eng-med.xlsx,Auto-extracted from short English-Médumba pair. Needs native speaker review.
what_do_we_breathe_with,What do we breathe with?,food_drink,beginner,True,draft_needs_review,simple-eng-med.xlsx,Auto-extracted from short English-Médumba pair. Needs native speaker review.
everyone,Everyone,general,review,True,draft_needs_review,simple-eng-med.xlsx,Auto-extracted from short English-Médumba pair. Needs native speaker review.
good_morning,Good morning,greetings_politeness,beginner,True,draft_needs_review,simple-eng-med.xlsx,Auto-extracted from short English-Médumba pair. Needs native speaker review.
good_night,Good night,greetings_politeness,beginner,True,draft_needs_review,simple-eng-med.xlsx,Auto-extracted from short English-Médumba pair. Needs native speaker review.
hello,Hello,greetings_politeness,beginner,True,draft_needs_review,simple-eng-med.xlsx,Auto-extracted from short English-Médumba pair. Needs native speaker review.
how_are_you,How are you?,greetings_politeness,beginner,True,draft_needs_review,simple-eng-med.xlsx,Auto-extracted from short English-Médumba pair. Needs native speaker review.
please,Please,greetings_politeness,beginner,True,draft_needs_review,simple-eng-med.xlsx,Auto-extracted from short English-Médumba pair. Needs native speaker review.
sleep_tight,sleep tight,greetings_politeness,beginner,True,draft_needs_review,simple-eng-med.xlsx,Auto-extracted from short English-Médumba pair. Needs native speaker review.
thank_you,Thank you,greetings_politeness,beginner,True,draft_needs_review,simple-eng-med.xlsx,Auto-extracted from short English-Médumba pair. Needs native speaker review.
welcome,Welcome,greetings_politeness,beginner,True,draft_needs_review,simple-eng-med.xlsx,Auto-extracted from short English-Médumba pair. Needs native speaker review.
well_done,Well done,greetings_politeness,beginner,True,draft_needs_review,simple-eng-med.xlsx,Auto-extracted from short English-Médumba pair. Needs native speaker review.
you_are_welcome,You are welcome,greetings_politeness,beginner,True,draft_needs_review,simple-eng-med.xlsx,Auto-extracted from short English-Médumba pair. Needs native speaker review.
being_sick,Being sick,health_hygiene,beginner_plus,True,draft_needs_review,simple-eng-med.xlsx,Auto-extracted from short English-Médumba pair. Needs native speaker review.
brushing_your_teeth,Brushing your teeth,health_hygiene,beginner_plus,True,draft_needs_review,simple-eng-med.xlsx,Auto-extracted from short English-Médumba pair. Needs native speaker review.
go_brush_your_teeth,Go brush your teeth,health_hygiene,beginner_plus,True,draft_needs_review,simple-eng-med.xlsx,Auto-extracted from short English-Médumba pair. Needs native speaker review.
go_wash_yourself,Go wash yourself,health_hygiene,beginner_plus,True,draft_needs_review,simple-eng-med.xlsx,Auto-extracted from short English-Médumba pair. Needs native speaker review.
have_a_rest,Have a rest,health_hygiene,beginner_plus,True,draft_needs_review,simple-eng-med.xlsx,Auto-extracted from short English-Médumba pair. Needs native speaker review.
i_am_healed,I am healed,health_hygiene,beginner_plus,True,draft_needs_review,simple-eng-med.xlsx,Auto-extracted from short English-Médumba pair. Needs native speaker review.
i_am_sick,I am sick,health_hygiene,beginner_plus,True,draft_needs_review,simple-eng-med.xlsx,Auto-extracted from short English-Médumba pair. Needs native speaker review.
i_am_tired,I am tired,health_hygiene,beginner_plus,True,draft_needs_review,simple-eng-med.xlsx,Auto-extracted from short English-Médumba pair. Needs native speaker review.
it_hurts,It hurts,health_hygiene,beginner_plus,True,draft_needs_review,simple-eng-med.xlsx,Auto-extracted from short English-Médumba pair. Needs native speaker review.
she_is_sick,She is sick,health_hygiene,beginner_plus,True,draft_needs_review,simple-eng-med.xlsx,Auto-extracted from short English-Médumba pair. Needs native speaker review.
wash_yourself,Wash yourself,health_hygiene,beginner_plus,True,draft_needs_review,simple-eng-med.xlsx,Auto-extracted from short English-Médumba pair. Needs native speaker review.
you_washed_yourself,you washed yourself,health_hygiene,beginner_plus,True,draft_needs_review,simple-eng-med.xlsx,Auto-extracted from short English-Médumba pair. Needs native speaker review.
a_cup,A cup,home_objects,beginner,True,draft_needs_review,simple-eng-med.xlsx,Auto-extracted from short English-Médumba pair. Needs native speaker review.
a_glass,A glass,home_objects,beginner,True,draft_needs_review,simple-eng-med.xlsx,Auto-extracted from short English-Médumba pair. Needs native speaker review.
close_the_door,Close the door,home_objects,beginner,True,draft_needs_review,simple-eng-med.xlsx,Auto-extracted from short English-Médumba pair. Needs native speaker review.
i_am_in_the_kitchen,I am in the kitchen,home_objects,beginner,True,draft_needs_review,simple-eng-med.xlsx,Auto-extracted from short English-Médumba pair. Needs native speaker review.
i_am_in_the_room,I am in the room,home_objects,beginner,True,draft_needs_review,simple-eng-med.xlsx,Auto-extracted from short English-Médumba pair. Needs native speaker review.
kitchen,Kitchen,home_objects,beginner,True,draft_needs_review,simple-eng-med.xlsx,Auto-extracted from short English-Médumba pair. Needs native speaker review.
let_s_go_and_show_the_house,Let's go and show the house,home_objects,beginner,True,draft_needs_review,simple-eng-med.xlsx,Auto-extracted from short English-Médumba pair. Needs native speaker review.
let_s_go_home_it_s_getting_late,Let's go home it's getting late,home_objects,beginner,True,draft_needs_review,simple-eng-med.xlsx,Auto-extracted from short English-Médumba pair. Needs native speaker review.
my_house_is_far,My house is far,home_objects,beginner,True,draft_needs_review,simple-eng-med.xlsx,Auto-extracted from short English-Médumba pair. Needs native speaker review.
open_the_door,Open the door,home_objects,beginner,True,draft_needs_review,simple-eng-med.xlsx,Auto-extracted from short English-Médumba pair. Needs native speaker review.
the_door,The door,home_objects,beginner,True,draft_needs_review,simple-eng-med.xlsx,Auto-extracted from short English-Médumba pair. Needs native speaker review.
the_kitchen,The kitchen,home_objects,beginner,True,draft_needs_review,simple-eng-med.xlsx,Auto-extracted from short English-Médumba pair. Needs native speaker review.
the_living_room,The living room,home_objects,beginner,True,draft_needs_review,simple-eng-med.xlsx,Auto-extracted from short English-Médumba pair. Needs native speaker review.
the_plate,The plate,home_objects,beginner,True,draft_needs_review,simple-eng-med.xlsx,Auto-extracted from short English-Médumba pair. Needs native speaker review.
the_spoon,The spoon,home_objects,beginner,True,draft_needs_review,simple-eng-med.xlsx,Auto-extracted from short English-Médumba pair. Needs native speaker review.
don_t_tread_on,Don't tread on,learning,beginner_plus,True,draft_needs_review,simple-eng-med.xlsx,Auto-extracted from short English-Médumba pair. Needs native speaker review.
grammar,Grammar,learning,beginner_plus,True,draft_needs_review,simple-eng-med.xlsx,Auto-extracted from short English-Médumba pair. Needs native speaker review.
it_is_already_daylight,It is already daylight,learning,beginner_plus,True,draft_needs_review,simple-eng-med.xlsx,Auto-extracted from short English-Médumba pair. Needs native speaker review.
open,Open,learning,beginner_plus,True,draft_needs_review,simple-eng-med.xlsx,Auto-extracted from short English-Médumba pair. Needs native speaker review.
read,Read,learning,beginner_plus,True,draft_needs_review,simple-eng-med.xlsx,Auto-extracted from short English-Médumba pair. Needs native speaker review.
school_story,school,learning,beginner_plus,True,draft_needs_review,Anta et Mamadou (1).docx,Context may also mean book/writing; review
the_book,The book,learning,beginner_plus,True,draft_needs_review,simple-eng-med.xlsx,Auto-extracted from short English-Médumba pair. Needs native speaker review.
the_booklet,The booklet,learning,beginner_plus,True,draft_needs_review,simple-eng-med.xlsx,Auto-extracted from short English-Médumba pair. Needs native speaker review.
the_pen,The pen,learning,beginner_plus,True,draft_needs_review,simple-eng-med.xlsx,Auto-extracted from short English-Médumba pair. Needs native speaker review.
the_sun_has_already_set,The sun has already set,learning,beginner_plus,True,draft_needs_review,simple-eng-med.xlsx,Auto-extracted from short English-Médumba pair. Needs native speaker review.
to_write,To write,learning,beginner_plus,True,draft_needs_review,simple-eng-med.xlsx,Auto-extracted from short English-Médumba pair. Needs native speaker review.
treading_on,Treading on,learning,beginner_plus,True,draft_needs_review,simple-eng-med.xlsx,Auto-extracted from short English-Médumba pair. Needs native speaker review.
what_s_happening,What's happening?,learning,beginner_plus,True,draft_needs_review,simple-eng-med.xlsx,Auto-extracted from short English-Médumba pair. Needs native speaker review.
write,Write,learning,beginner_plus,True,draft_needs_review,simple-eng-med.xlsx,Auto-extracted from short English-Médumba pair. Needs native speaker review.
be_upset,Be upset,location_direction,beginner,True,draft_needs_review,simple-eng-med.xlsx,Auto-extracted from short English-Médumba pair. Needs native speaker review.
behind,Behind,location_direction,beginner,True,draft_needs_review,simple-eng-med.xlsx,Auto-extracted from short English-Médumba pair. Needs native speaker review.
come_and_sit_down,Come and sit down,location_direction,beginner,True,draft_needs_review,simple-eng-med.xlsx,Auto-extracted from short English-Médumba pair. Needs native speaker review.
come_here,Come here,location_direction,beginner,True,draft_needs_review,simple-eng-med.xlsx,Auto-extracted from short English-Médumba pair. Needs native speaker review.
don_t_get_up,Don't get up,location_direction,beginner,True,draft_needs_review,simple-eng-med.xlsx,Auto-extracted from short English-Médumba pair. Needs native speaker review.
down,Down,location_direction,beginner,True,draft_needs_review,simple-eng-med.xlsx,Auto-extracted from short English-Médumba pair. Needs native speaker review.
get_down,Get down,location_direction,beginner,True,draft_needs_review,simple-eng-med.xlsx,Auto-extracted from short English-Médumba pair. Needs native speaker review.
get_up,Get up,location_direction,beginner,True,draft_needs_review,simple-eng-med.xlsx,Auto-extracted from short English-Médumba pair. Needs native speaker review.
get_upset,Get upset,location_direction,beginner,True,draft_needs_review,simple-eng-med.xlsx,Auto-extracted from short English-Médumba pair. Needs native speaker review.
go_there,Go there,location_direction,beginner,True,draft_needs_review,simple-eng-med.xlsx,Auto-extracted from short English-Médumba pair. Needs native speaker review.
go_up,Go up,location_direction,beginner,True,draft_needs_review,simple-eng-med.xlsx,Auto-extracted from short English-Médumba pair. Needs native speaker review.
here,Here,location_direction,beginner,True,draft_needs_review,simple-eng-med.xlsx,Auto-extracted from short English-Médumba pair. Needs native speaker review.
here_he_is,Here he is,location_direction,beginner,True,draft_needs_review,simple-eng-med.xlsx,Auto-extracted from short English-Médumba pair. Needs native speaker review.
here_i_am,Here I am,location_direction,beginner,True,draft_needs_review,simple-eng-med.xlsx,Auto-extracted from short English-Médumba pair. Needs native speaker review.
here_it_is,Here it is,location_direction,beginner,True,draft_needs_review,simple-eng-med.xlsx,Auto-extracted from short English-Médumba pair. Needs native speaker review.
here_it_is_away_from_you,Here it is away from you,location_direction,beginner,True,draft_needs_review,simple-eng-med.xlsx,Auto-extracted from short English-Médumba pair. Needs native speaker review.
here_it_is_beside_you,Here it is beside you,location_direction,beginner,True,draft_needs_review,simple-eng-med.xlsx,Auto-extracted from short English-Médumba pair. Needs native speaker review.
leave_from_there,Leave from there,location_direction,beginner,True,draft_needs_review,simple-eng-med.xlsx,Auto-extracted from short English-Médumba pair. Needs native speaker review.
lie_down,Lie down,location_direction,beginner,True,draft_needs_review,simple-eng-med.xlsx,Auto-extracted from short English-Médumba pair. Needs native speaker review.
next_to,Next to,location_direction,beginner,True,draft_needs_review,simple-eng-med.xlsx,Auto-extracted from short English-Médumba pair. Needs native speaker review.
pick_it_up,Pick it up,location_direction,beginner,True,draft_needs_review,simple-eng-med.xlsx,Auto-extracted from short English-Médumba pair. Needs native speaker review.
pull_that_rope_from_there,Pull that rope from there,location_direction,beginner,True,draft_needs_review,simple-eng-med.xlsx,Auto-extracted from short English-Médumba pair. Needs native speaker review.
return,return,location_direction,beginner,True,draft_needs_review,simple-eng-med.xlsx,Auto-extracted from short English-Médumba pair. Needs native speaker review.
she_is_not_there,She is not there,location_direction,beginner,True,draft_needs_review,simple-eng-med.xlsx,Auto-extracted from short English-Médumba pair. Needs native speaker review.
shut_up,Shut up,location_direction,beginner,True,draft_needs_review,simple-eng-med.xlsx,Auto-extracted from short English-Médumba pair. Needs native speaker review.
shut_up_don_t_say_that,Shut up don’t say that,location_direction,beginner,True,draft_needs_review,simple-eng-med.xlsx,Auto-extracted from short English-Médumba pair. Needs native speaker review.
there_away_from_you_and_me,There away from you and me,location_direction,beginner,True,draft_needs_review,simple-eng-med.xlsx,Auto-extracted from short English-Médumba pair. Needs native speaker review.
up,Up,location_direction,beginner,True,draft_needs_review,simple-eng-med.xlsx,Auto-extracted from short English-Médumba pair. Needs native speaker review.
wake_up,Wake up,location_direction,beginner,True,draft_needs_review,simple-eng-med.xlsx,Auto-extracted from short English-Médumba pair. Needs native speaker review.
will_wake_up,Will wake up,location_direction,beginner,True,draft_needs_review,simple-eng-med.xlsx,Auto-extracted from short English-Médumba pair. Needs native speaker review.
you_are_not_here,You are not here,location_direction,beginner,True,draft_needs_review,simple-eng-med.xlsx,Auto-extracted from short English-Médumba pair. Needs native speaker review.
five,Five,numbers,beginner,True,draft_needs_review,simple-eng-med.xlsx,Auto-extracted from short English-Médumba pair. Needs native speaker review.
four,Four,numbers,beginner,True,draft_needs_review,simple-eng-med.xlsx,Auto-extracted from short English-Médumba pair. Needs native speaker review.
nine,Nine,numbers,beginner,True,draft_needs_review,simple-eng-med.xlsx,Auto-extracted from short English-Médumba pair. Needs native speaker review.
one,One,numbers,beginner,True,draft_needs_review,simple-eng-med.xlsx,Auto-extracted from short English-Médumba pair. Needs native speaker review.
seven,Seven,numbers,beginner,True,draft_needs_review,simple-eng-med.xlsx,Auto-extracted from short English-Médumba pair. Needs native speaker review.
six,Six,numbers,beginner,True,draft_needs_review,simple-eng-med.xlsx,Auto-extracted from short English-Médumba pair. Needs native speaker review.
ten,Ten,numbers,beginner,True,draft_needs_review,simple-eng-med.xlsx,Auto-extracted from short English-Médumba pair. Needs native speaker review.
three,Three,numbers,beginner,True,draft_needs_review,simple-eng-med.xlsx,Auto-extracted from short English-Médumba pair. Needs native speaker review.
two,Two,numbers,beginner,True,draft_needs_review,simple-eng-med.xlsx,Auto-extracted from short English-Médumba pair. Needs native speaker review.
zero,Zero,numbers,beginner,True,draft_needs_review,simple-eng-med.xlsx,Auto-extracted from short English-Médumba pair. Needs native speaker review.
city,city,places,beginner_plus,True,draft_needs_review,frabcaise_3.xlsx,Story vocabulary
forest,forest,places,beginner_plus,True,draft_needs_review,frabcaise_3.xlsx,Variant seen in story context
village,village,places,beginner_plus,True,draft_needs_review,frabcaise_3.xlsx,Story vocabulary
he,He,pronouns_possession,beginner,True,draft_needs_review,simple-eng-med.xlsx,Auto-extracted from short English-Médumba pair. Needs native speaker review.
i,I,pronouns_possession,beginner,True,draft_needs_review,simple-eng-med.xlsx,Auto-extracted from short English-Médumba pair. Needs native speaker review.
it_s_his,It's his,pronouns_possession,beginner,True,draft_needs_review,simple-eng-med.xlsx,Auto-extracted from short English-Médumba pair. Needs native speaker review.
it_s_mine,It's mine,pronouns_possession,beginner,True,draft_needs_review,simple-eng-med.xlsx,Auto-extracted from short English-Médumba pair. Needs native speaker review.
it_s_ours,It's ours,pronouns_possession,beginner,True,draft_needs_review,simple-eng-med.xlsx,Auto-extracted from short English-Médumba pair. Needs native speaker review.
it_s_theirs,It's theirs,pronouns_possession,beginner,True,draft_needs_review,simple-eng-med.xlsx,Auto-extracted from short English-Médumba pair. Needs native speaker review.
it_s_yours,It's yours,pronouns_possession,beginner,True,draft_needs_review,simple-eng-med.xlsx,Auto-extracted from short English-Médumba pair. Needs native speaker review.
she,She,pronouns_possession,beginner,True,draft_needs_review,simple-eng-med.xlsx,Auto-extracted from short English-Médumba pair. Needs native speaker review.
they,They,pronouns_possession,beginner,True,draft_needs_review,simple-eng-med.xlsx,Auto-extracted from short English-Médumba pair. Needs native speaker review.
to_buy,To buy,pronouns_possession,beginner,True,draft_needs_review,simple-eng-med.xlsx,Auto-extracted from short English-Médumba pair. Needs native speaker review.
to_do,To do,pronouns_possession,beginner,True,draft_needs_review,simple-eng-med.xlsx,Auto-extracted from short English-Médumba pair. Needs native speaker review.
to_him,To him,pronouns_possession,beginner,True,draft_needs_review,simple-eng-med.xlsx,Auto-extracted from short English-Médumba pair. Needs native speaker review.
to_hurt,To hurt,pronouns_possession,beginner,True,draft_needs_review,simple-eng-med.xlsx,Auto-extracted from short English-Médumba pair. Needs native speaker review.
to_love,To love,pronouns_possession,beginner,True,draft_needs_review,simple-eng-med.xlsx,Auto-extracted from short English-Médumba pair. Needs native speaker review.
to_me,To me,pronouns_possession,beginner,True,draft_needs_review,simple-eng-med.xlsx,Auto-extracted from short English-Médumba pair. Needs native speaker review.
to_sell,To sell,pronouns_possession,beginner,True,draft_needs_review,simple-eng-med.xlsx,Auto-extracted from short English-Médumba pair. Needs native speaker review.
to_sing,To sing,pronouns_possession,beginner,True,draft_needs_review,simple-eng-med.xlsx,Auto-extracted from short English-Médumba pair. Needs native speaker review.
to_smell,To smell,pronouns_possession,beginner,True,draft_needs_review,simple-eng-med.xlsx,Auto-extracted from short English-Médumba pair. Needs native speaker review.
to_them,To them,pronouns_possession,beginner,True,draft_needs_review,simple-eng-med.xlsx,Auto-extracted from short English-Médumba pair. Needs native speaker review.
to_tie,To tie,pronouns_possession,beginner,True,draft_needs_review,simple-eng-med.xlsx,Auto-extracted from short English-Médumba pair. Needs native speaker review.
to_us,To us,pronouns_possession,beginner,True,draft_needs_review,simple-eng-med.xlsx,Auto-extracted from short English-Médumba pair. Needs native speaker review.
to_you,To you,pronouns_possession,beginner,True,draft_needs_review,simple-eng-med.xlsx,Auto-extracted from short English-Médumba pair. Needs native speaker review.
we,We,pronouns_possession,beginner,True,draft_needs_review,simple-eng-med.xlsx,Auto-extracted from short English-Médumba pair. Needs native speaker review.
you,You,pronouns_possession,beginner,True,draft_needs_review,simple-eng-med.xlsx,Auto-extracted from short English-Médumba pair. Needs native speaker review.
are_you_angry,Are you angry?,questions,beginner,True,draft_needs_review,simple-eng-med.xlsx,Auto-extracted from short English-Médumba pair. Needs native speaker review.
are_you_full,Are you full?,questions,beginner,True,draft_needs_review,simple-eng-med.xlsx,Auto-extracted from short English-Médumba pair. Needs native speaker review.
are_you_going_to_run,Are you going to run?,questions,beginner_plus,True,draft_needs_review,frabcaise_3.xlsx,Dialogue phrase from story
because,Because,questions,beginner,True,draft_needs_review,simple-eng-med.xlsx,Auto-extracted from short English-Médumba pair. Needs native speaker review.
because_i_am_happy,Because I am happy,questions,beginner,True,draft_needs_review,simple-eng-med.xlsx,Auto-extracted from short English-Médumba pair. Needs native speaker review.
do_what_is_good,Do what is good.,questions,beginner,True,draft_needs_review,simple-eng-med.xlsx,Auto-extracted from short English-Médumba pair. Needs native speaker review.
everywhere,Everywhere,questions,beginner,True,draft_needs_review,simple-eng-med.xlsx,Auto-extracted from short English-Médumba pair. Needs native speaker review.
for_whom,For whom,questions,beginner,True,draft_needs_review,simple-eng-med.xlsx,Auto-extracted from short English-Médumba pair. Needs native speaker review.
have_you_urinated,Have you urinated?,questions,beginner,True,draft_needs_review,simple-eng-med.xlsx,Auto-extracted from short English-Médumba pair. Needs native speaker review.
help_request_title,Who can help me?,questions,beginner_plus,True,draft_needs_review,Francais_2 traduit (1).docx,Story title phrase; review
is_this_a_lion,Is this a lion?,questions,beginner_plus,True,draft_needs_review,frabcaise_3.xlsx,Dialogue phrase from story
it_is_not_a_lion,It is not a lion,questions,beginner_plus,True,draft_needs_review,frabcaise_3.xlsx,Dialogue phrase from story
no_where,No where,questions,beginner,True,draft_needs_review,simple-eng-med.xlsx,Auto-extracted from short English-Médumba pair. Needs native speaker review.
that_what,That what?,questions,beginner,True,draft_needs_review,simple-eng-med.xlsx,Auto-extracted from short English-Médumba pair. Needs native speaker review.
the_whole,The whole,questions,beginner,True,draft_needs_review,simple-eng-med.xlsx,Auto-extracted from short English-Médumba pair. Needs native speaker review.
what,What?,questions,beginner,True,draft_needs_review,simple-eng-med.xlsx,Auto-extracted from short English-Médumba pair. Needs native speaker review.
what_are_you_doing,What are you doing?,questions,beginner,True,draft_needs_review,simple-eng-med.xlsx,Auto-extracted from short English-Médumba pair. Needs native speaker review.
what_are_you_saying,What are you saying?,questions,beginner,True,draft_needs_review,simple-eng-med.xlsx,Auto-extracted from short English-Médumba pair. Needs native speaker review.
what_do_we_talk_with,What do we talk with?,questions,beginner,True,draft_needs_review,simple-eng-med.xlsx,Auto-extracted from short English-Médumba pair. Needs native speaker review.
what_do_you_say,What do you say?,questions,beginner,True,draft_needs_review,simple-eng-med.xlsx,Auto-extracted from short English-Médumba pair. Needs native speaker review.
what_is_going_on,What is going on?,questions,beginner,True,draft_needs_review,simple-eng-med.xlsx,Auto-extracted from short English-Médumba pair. Needs native speaker review.
what_is_it,What is it?,questions,beginner,True,draft_needs_review,simple-eng-med.xlsx,Auto-extracted from short English-Médumba pair. Needs native speaker review.
what_is_it_story,What is it?,questions,beginner_plus,True,draft_needs_review,frabcaise_3.xlsx,Dialogue phrase from story
when,When?,questions,beginner,True,draft_needs_review,simple-eng-med.xlsx,Auto-extracted from short English-Médumba pair. Needs native speaker review.
where,Where?,questions,beginner,True,draft_needs_review,simple-eng-med.xlsx,Auto-extracted from short English-Médumba pair. Needs native speaker review.
where_are_you,Where are you?,questions,beginner,True,draft_needs_review,simple-eng-med.xlsx,Auto-extracted from short English-Médumba pair. Needs native speaker review.
which,Which?,questions,beginner,True,draft_needs_review,simple-eng-med.xlsx,Auto-extracted from short English-Médumba pair. Needs native speaker review.
who,Who,questions,beginner,True,draft_needs_review,simple-eng-med.xlsx,Auto-extracted from short English-Médumba pair. Needs native speaker review.
who_is_it,Who is it?,questions,beginner,True,draft_needs_review,simple-eng-med.xlsx,Auto-extracted from short English-Médumba pair. Needs native speaker review.
who_is_it_for,Who is it for?,questions,beginner,True,draft_needs_review,simple-eng-med.xlsx,Auto-extracted from short English-Médumba pair. Needs native speaker review.
who_is_this,Who is this?,questions,beginner,True,draft_needs_review,simple-eng-med.xlsx,Auto-extracted from short English-Médumba pair. Needs native speaker review.
why,Why,questions,beginner,True,draft_needs_review,simple-eng-med.xlsx,Auto-extracted from short English-Médumba pair. Needs native speaker review.
why_are_you_laughing,Why are you laughing?,questions,beginner,True,draft_needs_review,simple-eng-med.xlsx,Auto-extracted from short English-Médumba pair. Needs native speaker review.
with_what,With what?,questions,beginner,True,draft_needs_review,simple-eng-med.xlsx,Auto-extracted from short English-Médumba pair. Needs native speaker review.
with_who,With who?,questions,beginner,True,draft_needs_review,simple-eng-med.xlsx,Auto-extracted from short English-Médumba pair. Needs native speaker review.
current_time,Current time,time,beginner,True,draft_needs_review,simple-eng-med.xlsx,Auto-extracted from short English-Médumba pair. Needs native speaker review.
evening,Evening,time,beginner,True,draft_needs_review,simple-eng-med.xlsx,Auto-extracted from short English-Médumba pair. Needs native speaker review.
friday,Friday,time,beginner,True,draft_needs_review,simple-eng-med.xlsx,Auto-extracted from short English-Médumba pair. Needs native speaker review.
i_don_t_know,I don't know,time,beginner,True,draft_needs_review,simple-eng-med.xlsx,Auto-extracted from short English-Médumba pair. Needs native speaker review.
i_know,I know,time,beginner,True,draft_needs_review,simple-eng-med.xlsx,Auto-extracted from short English-Médumba pair. Needs native speaker review.
it_is_daylight,It is daylight,time,beginner,True,draft_needs_review,simple-eng-med.xlsx,Auto-extracted from short English-Médumba pair. Needs native speaker review.
midday,Midday,time,beginner,True,draft_needs_review,simple-eng-med.xlsx,Auto-extracted from short English-Médumba pair. Needs native speaker review.
morning,Morning,time,beginner,True,draft_needs_review,simple-eng-med.xlsx,Auto-extracted from short English-Médumba pair. Needs native speaker review.
next_time,Next time,time,beginner,True,draft_needs_review,simple-eng-med.xlsx,Auto-extracted from short English-Médumba pair. Needs native speaker review.
now,Now,time,beginner,True,draft_needs_review,simple-eng-med.xlsx,Auto-extracted from short English-Médumba pair. Needs native speaker review.
one_day,One day,time,beginner,True,draft_needs_review,simple-eng-med.xlsx,Auto-extracted from short English-Médumba pair. Needs native speaker review.
right_now,Right now,time,beginner,True,draft_needs_review,simple-eng-med.xlsx,Auto-extracted from short English-Médumba pair. Needs native speaker review.
the_day,The day,time,beginner,True,draft_needs_review,simple-eng-med.xlsx,Auto-extracted from short English-Médumba pair. Needs native speaker review.
the_night,The night,time,beginner,True,draft_needs_review,simple-eng-med.xlsx,Auto-extracted from short English-Médumba pair. Needs native speaker review.
today,Today,time,beginner,True,draft_needs_review,simple-eng-med.xlsx,Auto-extracted from short English-Médumba pair. Needs native speaker review.
tomorrow,Tomorrow,time,beginner,True,draft_needs_review,simple-eng-med.xlsx,Auto-extracted from short English-Médumba pair. Needs native speaker review.
yesterday,Yesterday,time,beginner,True,draft_needs_review,simple-eng-med.xlsx,Auto-extracted from short English-Médumba pair. Needs native speaker review.
be_honest,Be honest.,values_communication,beginner_plus,True,draft_needs_review,simple-eng-med.xlsx,Auto-extracted from short English-Médumba pair. Needs native speaker review.
don_t_forget,Don't forget,values_communication,beginner_plus,True,draft_needs_review,simple-eng-med.xlsx,Auto-extracted from short English-Médumba pair. Needs native speaker review.
don_t_listen,Don't listen,values_communication,beginner_plus,True,draft_needs_review,simple-eng-med.xlsx,Auto-extracted from short English-Médumba pair. Needs native speaker review.
don_t_say,Don't say,values_communication,beginner_plus,True,draft_needs_review,simple-eng-med.xlsx,Auto-extracted from short English-Médumba pair. Needs native speaker review.
don_t_tell_him,Don't tell him,values_communication,beginner_plus,True,draft_needs_review,simple-eng-med.xlsx,Auto-extracted from short English-Médumba pair. Needs native speaker review.
help_me_please,Help me please,values_communication,beginner_plus,True,draft_needs_review,simple-eng-med.xlsx,Auto-extracted from short English-Médumba pair. Needs native speaker review.
it_s_not_good,It's not good,values_communication,beginner_plus,True,draft_needs_review,simple-eng-med.xlsx,Auto-extracted from short English-Médumba pair. Needs native speaker review.
lie,lie,values_communication,beginner_plus,True,draft_needs_review,Anta et Mamadou (1).docx,Extracted from Anta/Mamadou story; review
listen,Listen,values_communication,beginner_plus,True,draft_needs_review,simple-eng-med.xlsx,Auto-extracted from short English-Médumba pair. Needs native speaker review.
listen_to_me,Listen to me,values_communication,beginner_plus,True,draft_needs_review,simple-eng-med.xlsx,Auto-extracted from short English-Médumba pair. Needs native speaker review.
not_good,Not good,values_communication,beginner_plus,True,draft_needs_review,simple-eng-med.xlsx,Auto-extracted from short English-Médumba pair. Needs native speaker review.
promise,promise,values_communication,beginner_plus,True,draft_needs_review,Anta et Mamadou (1).docx,Extracted from Anta/Mamadou story; review
secret,secret,values_communication,beginner_plus,True,draft_needs_review,Anta et Mamadou (1).docx,Extracted from Anta/Mamadou story; review
talk,Talk,values_communication,beginner_plus,True,draft_needs_review,simple-eng-med.xlsx,Auto-extracted from short English-Médumba pair. Needs native speaker review.
tell_him,Tell him,values_communication,beginner_plus,True,draft_needs_review,simple-eng-med.xlsx,Auto-extracted from short English-Médumba pair. Needs native speaker review.
tell_me,Tell me,values_communication,beginner_plus,True,draft_needs_review,simple-eng-med.xlsx,Auto-extracted from short English-Médumba pair. Needs native speaker review.
that_s_good,That's good,values_communication,beginner_plus,True,draft_needs_review,simple-eng-med.xlsx,Auto-extracted from short English-Médumba pair. Needs native speaker review.
those_people_talk_very_fast,Those people talk very fast,values_communication,beginner_plus,True,draft_needs_review,simple-eng-med.xlsx,Auto-extracted from short English-Médumba pair. Needs native speaker review.
truth,truth,values_communication,beginner_plus,True,draft_needs_review,Anta et Mamadou (1).docx,Extracted from Anta/Mamadou story; review
it_is_cold,It is cold,weather_nature,beginner,True,draft_needs_review,simple-eng-med.xlsx,Auto-extracted from short English-Médumba pair. Needs native speaker review.
it_is_hot,It is hot,weather_nature,beginner,True,draft_needs_review,simple-eng-med.xlsx,Auto-extracted from short English-Médumba pair. Needs native speaker review.
it_s_raining,It's raining,weather_nature,beginner,True,draft_needs_review,simple-eng-med.xlsx,Auto-extracted from short English-Médumba pair. Needs native speaker review.
it_s_sunny,It's sunny,weather_nature,beginner,True,draft_needs_review,simple-eng-med.xlsx,Auto-extracted from short English-Médumba pair. Needs native speaker review.
the_rain,The rain,weather_nature,beginner,True,draft_needs_review,simple-eng-med.xlsx,Auto-extracted from short English-Médumba pair. Needs native speaker review.
the_sun,The sun,weather_nature,beginner,True,draft_needs_review,simple-eng-med.xlsx,Auto-extracted from short English-Médumba pair. Needs native speaker review.
the_sun_is_rising,The sun is rising,weather_nature,beginner,True,draft_needs_review,simple-eng-med.xlsx,Auto-extracted from short English-Médumba pair. Needs native speaker review.
ui_about_us,About Us,app_ui,ui,False,draft_needs_review,eng-med_processing.xlsx,UI localization term; not part of learner lesson by default.
ui_address_line_1,Address line 1,app_ui,ui,False,draft_needs_review,eng-med_processing.xlsx,UI localization term; not part of learner lesson by default.
ui_best_time_to_contact_you,Best time to contact you,app_ui,ui,False,draft_needs_review,eng-med_processing.xlsx,UI localization term; not part of learner lesson by default.
ui_change_site_language,Change site language,app_ui,ui,False,draft_needs_review,eng-med_processing.xlsx,UI localization term; not part of learner lesson by default.
ui_children,Children,app_ui,ui,False,draft_needs_review,eng-med_processing.xlsx,UI localization term; not part of learner lesson by default.
ui_close,CLOSE,app_ui,ui,False,draft_needs_review,eng-med_processing.xlsx,UI localization term; not part of learner lesson by default.
ui_country,Country,app_ui,ui,False,draft_needs_review,eng-med_processing.xlsx,UI localization term; not part of learner lesson by default.
ui_female,female,app_ui,ui,False,draft_needs_review,eng-med_processing.xlsx,UI localization term; not part of learner lesson by default.
ui_first_name,First name,app_ui,ui,False,draft_needs_review,eng-med_processing.xlsx,UI localization term; not part of learner lesson by default.
ui_frequently_asked_questions,Frequently Asked Questions,app_ui,ui,False,draft_needs_review,eng-med_processing.xlsx,UI localization term; not part of learner lesson by default.
ui_gender,Gender,app_ui,ui,False,draft_needs_review,eng-med_processing.xlsx,UI localization term; not part of learner lesson by default.
ui_home,Home,app_ui,ui,False,draft_needs_review,eng-med_processing.xlsx,UI localization term; not part of learner lesson by default.
ui_last_name,Last Name,app_ui,ui,False,draft_needs_review,eng-med_processing.xlsx,UI localization term; not part of learner lesson by default.
ui_library,Library,app_ui,ui,False,draft_needs_review,eng-med_processing.xlsx,UI localization term; not part of learner lesson by default.
ui_log_in,Log In,app_ui,ui,False,draft_needs_review,eng-med_processing.xlsx,UI localization term; not part of learner lesson by default.
ui_male,male,app_ui,ui,False,draft_needs_review,eng-med_processing.xlsx,UI localization term; not part of learner lesson by default.
ui_music,Music,app_ui,ui,False,draft_needs_review,eng-med_processing.xlsx,UI localization term; not part of learner lesson by default.
ui_newsroom,Newsroom,app_ui,ui,False,draft_needs_review,eng-med_processing.xlsx,UI localization term; not part of learner lesson by default.
ui_optional,Optional,app_ui,ui,False,draft_needs_review,eng-med_processing.xlsx,UI localization term; not part of learner lesson by default.
ui_please_contact_me,Please contact me,app_ui,ui,False,draft_needs_review,eng-med_processing.xlsx,UI localization term; not part of learner lesson by default.
ui_postal_code,Postal code,app_ui,ui,False,draft_needs_review,eng-med_processing.xlsx,UI localization term; not part of learner lesson by default.
ui_prefered_language,Prefered language,app_ui,ui,False,draft_needs_review,eng-med_processing.xlsx,UI localization term; not part of learner lesson by default.
ui_province,Province,app_ui,ui,False,draft_needs_review,eng-med_processing.xlsx,UI localization term; not part of learner lesson by default.
ui_search,Search,app_ui,ui,False,draft_needs_review,eng-med_processing.xlsx,UI localization term; not part of learner lesson by default.
ui_show_menu,Show Menu,app_ui,ui,False,draft_needs_review,eng-med_processing.xlsx,UI localization term; not part of learner lesson by default.
ui_show_more,Show more,app_ui,ui,False,draft_needs_review,eng-med_processing.xlsx,UI localization term; not part of learner lesson by default.
ui_skip_to_content,Skip to content,app_ui,ui,False,draft_needs_review,eng-med_processing.xlsx,UI localization term; not part of learner lesson by default.
ui_telephone,Telephone,app_ui,ui,False,draft_needs_review,eng-med_processing.xlsx,UI localization term; not part of learner lesson by default.
ui_town,Town,app_ui,ui,False,draft_needs_review,eng-med_processing.xlsx,UI localization term; not part of learner lesson by default.
ui_videos,Videos,app_ui,ui,False,draft_needs_review,eng-med_processing.xlsx,UI localization term; not part of learner lesson by default.
ui_your_contact_information,Your contact information,app_ui,ui,False,draft_needs_review,eng-med_processing.xlsx,UI localization term; not part of learner lesson by default.
young_man_and_lion,The young man and the lion,story_title,beginner_story,False,draft_needs_review,frabcaise_3.xlsx,Story title
