concept_key,English,Medumba,category,difficulty,recommended_for_mvp,source_file,source_sheet,source_row,status,word_count,notes
awaken_him,awaken him,bà mi,actions,beginner,True,simple-eng-med.xlsx,Sheet1,449,needs_review,2,
bring,Bring,Se' yi,actions,beginner,True,simple-eng-med.xlsx,Sheet1,557,needs_review,1,
bring_back_to_you,Bring back to you,Se' va we,actions,beginner,True,simple-eng-med.xlsx,Sheet1,326,needs_review,4,
come,Come,Se',actions,beginner,True,simple-eng-med.xlsx,Sheet1,290,needs_review,1,
come,Come,Sè',actions,beginner,True,simple-eng-med.xlsx,Sheet1,758,needs_review,1,
come_and_embrace_me,Come and embrace me,Sè' ntsiag am,actions,beginner,True,simple-eng-med.xlsx,Sheet1,691,needs_review,4,
come_and_embrace_me,Come and embrace me,Sè' ntsiag am,actions,beginner,True,simple-eng-med.xlsx,Sheet1,760,needs_review,4,
come_and_get,Come and get,Se' ko,actions,beginner,True,simple-eng-med.xlsx,Sheet1,327,needs_review,3,
come_and_greet_me,Come and greet me,Sè' tsha’de am,actions,beginner,True,simple-eng-med.xlsx,Sheet1,692,needs_review,4,
come_and_sleep,Come and sleep,Sè' nzi,actions,beginner,True,simple-eng-med.xlsx,Sheet1,729,needs_review,3,
come_and_take,Come and take,Sè' ko,actions,beginner,True,simple-eng-med.xlsx,Sheet1,759,needs_review,3,
do_it_again,Do it again,Ben ghù,actions,beginner,True,simple-eng-med.xlsx,Sheet1,559,needs_review,3,
do_like_that,Do like that,Ghù ndulâ,actions,beginner,True,simple-eng-med.xlsx,Sheet1,747,needs_review,3,
do_like_this,Do like this,Ghù ndû,actions,beginner,True,simple-eng-med.xlsx,Sheet1,746,needs_review,3,
don_t_awaken_her,don't awaken her,ka bà mi,actions,beginner,True,simple-eng-med.xlsx,Sheet1,450,needs_review,3,
don_t_buy,Don't buy,Kâ jun,actions,beginner,True,simple-eng-med.xlsx,Sheet1,658,needs_review,2,
don_t_come,Don't come,Kâ sè',actions,beginner,True,simple-eng-med.xlsx,Sheet1,689,needs_review,2,
don_t_do_it_again,Don't do it again,ka ben ghù,actions,beginner,True,simple-eng-med.xlsx,Sheet1,560,needs_review,4,
don_t_do_like_that,Don't do like that,Kâ ghù ndulâ,actions,beginner,True,simple-eng-med.xlsx,Sheet1,745,needs_review,4,
don_t_finish,Don't finish,Kâ miagde,actions,beginner,True,simple-eng-med.xlsx,Sheet1,646,needs_review,2,
don_t_finish_your_money,Don't finish your money,Ka miagde nkàb u,actions,beginner,True,simple-eng-med.xlsx,Sheet1,650,needs_review,4,
don_t_hit_her,Don't hit her,kâ là bi,actions,beginner,True,simple-eng-med.xlsx,Sheet1,535,needs_review,3,
don_t_sell,Don't sell,kâ swène,actions,beginner,True,simple-eng-med.xlsx,Sheet1,659,needs_review,2,
don_t_sit,Don't sit,Ka tswe nsi,actions,beginner,True,simple-eng-med.xlsx,Sheet1,466,needs_review,2,
don_t_touch,Don't touch,Ka nkwag,actions,beginner,True,simple-eng-med.xlsx,Sheet1,446,needs_review,2,
don_t_walk,Don't walk,Ka zin,actions,beginner,True,simple-eng-med.xlsx,Sheet1,465,needs_review,2,
give_him,Give him,Fâ yi,actions,beginner,True,simple-eng-med.xlsx,Sheet1,507,needs_review,2,
give_me,Give me,Fâ me,actions,beginner,True,simple-eng-med.xlsx,Sheet1,292,needs_review,2,
give_mine,Give mine,Fa yam,actions,beginner,True,simple-eng-med.xlsx,Sheet1,417,needs_review,2,
go,Go,Nèn,actions,beginner,True,simple-eng-med.xlsx,Sheet1,670,needs_review,1,
go,Go,shua,actions,beginner,True,simple-eng-med.xlsx,Sheet1,671,needs_review,1,
go_and_sleep,Go and sleep,Nèn nzi,actions,beginner,True,simple-eng-med.xlsx,Sheet1,744,needs_review,3,
go_with_this,Go with this,Nèn yi,actions,beginner,True,simple-eng-med.xlsx,Sheet1,558,needs_review,3,
i_am_going_to_hit_you,I am going to hit you,Mè à ' là bo,actions,beginner,True,simple-eng-med.xlsx,Sheet1,534,needs_review,6,
i_don_t_have,I don't have,Me ke’ ghù,actions,beginner,True,simple-eng-med.xlsx,Sheet1,458,needs_review,3,
i_don_t_have_money,I don't have money,Me ke’ ghù nkàb.,actions,beginner,True,simple-eng-med.xlsx,Sheet1,459,needs_review,4,
i_forgot,I forgot,Me lagde,actions,beginner,True,simple-eng-med.xlsx,Sheet1,355,needs_review,2,
jump,Jump,Ywele,actions,beginner,True,simple-eng-med.xlsx,Sheet1,445,needs_review,1,
let_her_go,Let her go,Fan i,actions,beginner,True,simple-eng-med.xlsx,Sheet1,721,needs_review,3,
let_s_go,Let's go,bè nene,actions,beginner,True,simple-eng-med.xlsx,Sheet1,328,needs_review,2,
let_s_go_and_sleep,Let's go and sleep,Bè nèn nzi,actions,beginner,True,simple-eng-med.xlsx,Sheet1,748,needs_review,4,
let_s_go_to_the_hospital,Let’s go to the hospital,Bag wù nèn ndàtshwén,actions,beginner,True,simple-eng-med.xlsx,Sheet1,241,needs_review,5,
let_s_go_to_the_hospital,Let’s go to the hospital,Bag bin nèn ndàtshwén,actions,beginner,True,simple-eng-med.xlsx,Sheet1,242,needs_review,5,
let_s_go_to_the_shop,Let’s go to the shop,Bag bin nèn tàn,actions,beginner,True,simple-eng-med.xlsx,Sheet1,224,needs_review,5,
let_s_go_to_the_shop,Let’s go to the shop,Bag wù nèn ta ntàn,actions,beginner,True,simple-eng-med.xlsx,Sheet1,225,needs_review,5,
let_s_go_to_the_shop,Let’s go to the shop,Bag bin nèn ta ntàn,actions,beginner,True,simple-eng-med.xlsx,Sheet1,226,needs_review,5,
pick_it,Pick it,Juage,actions,beginner,True,simple-eng-med.xlsx,Sheet1,755,needs_review,2,
please_give_mine,Please give mine,Netshoʼo fa yam,actions,beginner,True,simple-eng-med.xlsx,Sheet1,418,needs_review,3,
push,Push,Tènde,actions,beginner,True,simple-eng-med.xlsx,Sheet1,325,needs_review,1,
run,Run,Nkù nde,actions,beginner,True,simple-eng-med.xlsx,Sheet1,444,needs_review,1,
sleep,Sleep,Zi,actions,beginner,True,simple-eng-med.xlsx,Sheet1,335,needs_review,1,
stand,Stand,Tsin tu,actions,beginner,True,simple-eng-med.xlsx,Sheet1,489,needs_review,1,
take,Take,Ko,actions,beginner,True,simple-eng-med.xlsx,Sheet1,321,needs_review,1,
throw,Throw,Ghuaʼ,actions,beginner,True,simple-eng-med.xlsx,Sheet1,323,needs_review,1,
tie,Tie,Tàne,actions,beginner,True,simple-eng-med.xlsx,Sheet1,731,needs_review,1,
tie_that,Tie that,Kut ju là,actions,beginner,True,simple-eng-med.xlsx,Sheet1,732,needs_review,2,
walk,Walk,Zin,actions,beginner,True,simple-eng-med.xlsx,Sheet1,461,needs_review,1,
a_dog,A dog,mbu,animals,beginner,True,simple-eng-med.xlsx,Sheet1,289,needs_review,2,
a_snake,A snake,Nyu,animals,beginner,True,simple-eng-med.xlsx,Sheet1,291,needs_review,2,
the_cat,The cat,Bù si,animals,beginner,True,simple-eng-med.xlsx,Sheet1,298,needs_review,2,
the_mouse,The mouse,Tiku,animals,beginner,True,simple-eng-med.xlsx,Sheet1,296,needs_review,2,
loaded,Loaded:,A ku’u:,app_ui,ui,True,simple-eng-med.xlsx,Sheet1,31,needs_review,1,
mute,Mute,Ne lok nze i,app_ui,ui,True,simple-eng-med.xlsx,Sheet1,33,needs_review,1,
play,Play,Siañe,app_ui,ui,True,simple-eng-med.xlsx,Sheet1,29,needs_review,1,
progress,Progress:,Njoñ:,app_ui,ui,True,simple-eng-med.xlsx,Sheet1,32,needs_review,1,
ahead,Ahead,Mbwè,body,beginner,True,simple-eng-med.xlsx,Sheet1,625,needs_review,1,
belly,Belly,Bàm,body,beginner,True,simple-eng-med.xlsx,Sheet1,277,needs_review,1,
close_your_eyes,Close your eyes,Mum miag mu,body,beginner,True,simple-eng-med.xlsx,Sheet1,639,needs_review,3,
do_you_hear,Do you hear?,O ju à?,body,beginner,True,simple-eng-med.xlsx,Sheet1,346,needs_review,3,
don_t_hear,Don't hear,Ka ju,body,beginner,True,simple-eng-med.xlsx,Sheet1,403,needs_review,2,
ears,Ears,Ntoñ,body,beginner,True,simple-eng-med.xlsx,Sheet1,270,needs_review,1,
hand,Hand,Bu,body,beginner,True,simple-eng-med.xlsx,Sheet1,272,needs_review,1,
head,Head,Tu,body,beginner,True,simple-eng-med.xlsx,Sheet1,269,needs_review,1,
hear,hear,ju',body,beginner,True,simple-eng-med.xlsx,Sheet1,561,needs_review,1,
i_have_heard,I have heard,Me ju',body,beginner,True,simple-eng-med.xlsx,Sheet1,562,needs_review,3,
learn,Learn,neziʼ,body,beginner,True,simple-eng-med.xlsx,Sheet1,654,needs_review,1,
mouth,MOUTH,NTSHU,body,beginner,True,simple-eng-med.xlsx,Sheet1,273,needs_review,1,
move_ahead,Move ahead,Nèn mbwè,body,beginner,True,simple-eng-med.xlsx,Sheet1,630,needs_review,2,
my_belly_hurts,My belly hurts,Bàm sam tshwèt nja,body,beginner,True,simple-eng-med.xlsx,Sheet1,526,needs_review,3,
put_your_hand_here,Put your hand here,Yab bu u zenni,body,beginner,True,simple-eng-med.xlsx,Sheet1,723,needs_review,4,
remove_your_hand,Remove your hand,Le' bu u,body,beginner,True,simple-eng-med.xlsx,Sheet1,8,needs_review,3,
search,search,Diag,body,beginner,True,simple-eng-med.xlsx,Sheet1,528,needs_review,1,
search_for_your_shoes,Search for your shoes,Diag nketo'o mi,body,beginner,True,simple-eng-med.xlsx,Sheet1,556,needs_review,4,
searching,searching,Nè diag,body,beginner,True,simple-eng-med.xlsx,Sheet1,527,needs_review,1,
show_your_hand,Show your hand,Là'te bu u,body,beginner,True,simple-eng-med.xlsx,Sheet1,724,needs_review,3,
stretch_your_hand,Stretch your hand,Nyi d bu u,body,beginner,True,simple-eng-med.xlsx,Sheet1,725,needs_review,3,
take_off_your_hand,Take off your hand,Le' bu u,body,beginner,True,simple-eng-med.xlsx,Sheet1,722,needs_review,4,
the_chest,The chest,Ndântu,body,beginner,True,simple-eng-med.xlsx,Sheet1,491,needs_review,2,
the_eyes,The eyes,Miag,body,beginner,True,simple-eng-med.xlsx,Sheet1,271,needs_review,2,
the_legs,The legs,kù,body,beginner,True,simple-eng-med.xlsx,Sheet1,276,needs_review,2,
the_mouth,The mouth,ntshu,body,beginner,True,simple-eng-med.xlsx,Sheet1,274,needs_review,2,
the_tongue,The tongue,Lem,body,beginner,True,simple-eng-med.xlsx,Sheet1,275,needs_review,2,
there_he_is_near_you,There he is near you,A la,body,beginner,True,simple-eng-med.xlsx,Sheet1,540,needs_review,5,
there_near_you,There near you,Zenna,body,beginner,True,simple-eng-med.xlsx,Sheet1,482,needs_review,3,
there_near_you,There near you,Nza,body,beginner,True,simple-eng-med.xlsx,Sheet1,483,needs_review,3,
wash_your_hand,Wash your hand,Sôg bu u,body,beginner,True,simple-eng-med.xlsx,Sheet1,641,needs_review,3,
wash_your_hands,Wash your hands,Sôg bu mu,body,beginner,True,simple-eng-med.xlsx,Sheet1,640,needs_review,3,
we_walk_with_legs,We walk with legs,Bo ke zin â bo nkù,body,beginner,True,simple-eng-med.xlsx,Sheet1,624,needs_review,4,
wear_a_garment,Wear a garment,Nè ma ' nzwe,body,beginner,True,simple-eng-med.xlsx,Sheet1,661,needs_review,3,
wear_an_outfit,Wear an outfit,Ma ' nzwe,body,beginner,True,simple-eng-med.xlsx,Sheet1,662,needs_review,3,
wear_the_shoes,Wear the shoes,So nketo'o,body,beginner,True,simple-eng-med.xlsx,Sheet1,664,needs_review,3,
wear_your_outfit,Wear your outfit,Ma ' nzwê ù,body,beginner,True,simple-eng-med.xlsx,Sheet1,663,needs_review,3,
wear_your_shoes,Wear your shoes,So nketo'o mu,body,beginner,True,simple-eng-med.xlsx,Sheet1,665,needs_review,3,
with_the_mouth,With the mouth,Bo ntshu,body,beginner,True,simple-eng-med.xlsx,Sheet1,623,needs_review,3,
your_eye,Your eye,Lâg su,body,beginner,True,simple-eng-med.xlsx,Sheet1,637,needs_review,2,
your_eyes,Your eyes,Miag mu,body,beginner,True,simple-eng-med.xlsx,Sheet1,638,needs_review,2,
a_little,A little,Metsit,descriptions_quantity,beginner_plus,True,simple-eng-med.xlsx,Sheet1,382,needs_review,2,
a_little_bit,A little bit,Metsili,descriptions_quantity,beginner_plus,True,simple-eng-med.xlsx,Sheet1,228,needs_review,3,
a_lot,A lot,Yàme,descriptions_quantity,beginner_plus,True,simple-eng-med.xlsx,Sheet1,229,needs_review,2,
a_lot,A lot,Neshu,descriptions_quantity,beginner_plus,True,simple-eng-med.xlsx,Sheet1,383,needs_review,2,
cloth,Cloth,Nzwe,descriptions_quantity,beginner_plus,True,simple-eng-med.xlsx,Sheet1,286,needs_review,1,
exactly,Exactly,Kua' yi la,descriptions_quantity,beginner_plus,True,simple-eng-med.xlsx,Sheet1,441,needs_review,1,
he_is_very_short,He is very short,A vôg ta',descriptions_quantity,beginner_plus,True,simple-eng-med.xlsx,Sheet1,714,needs_review,4,
he_is_very_short,He is very short,A vôg neshu,descriptions_quantity,beginner_plus,True,simple-eng-med.xlsx,Sheet1,715,needs_review,4,
it_is_a_lie,It is a lie,A bʼa tatte,descriptions_quantity,beginner_plus,True,simple-eng-med.xlsx,Sheet1,380,needs_review,4,
it_is_enough,It is enough,À ku'u,descriptions_quantity,beginner_plus,True,simple-eng-med.xlsx,Sheet1,547,needs_review,3,
it_is_enough_like_that,It is enough like that,A kù ' ndulâ,descriptions_quantity,beginner_plus,True,simple-eng-med.xlsx,Sheet1,756,needs_review,5,
it_is_much,It is much,A ya' nka',descriptions_quantity,beginner_plus,True,simple-eng-med.xlsx,Sheet1,384,needs_review,3,
it_is_not_enough,It is not enough,A kag,descriptions_quantity,beginner_plus,True,simple-eng-med.xlsx,Sheet1,548,needs_review,4,
it_is_not_true,It is not true,A ke nenùn,descriptions_quantity,beginner_plus,True,simple-eng-med.xlsx,Sheet1,377,needs_review,4,
it_is_not_true,It is not true,A keʼ bʼà nenùn,descriptions_quantity,beginner_plus,True,simple-eng-med.xlsx,Sheet1,378,needs_review,4,
it_is_not_true,It is not true,A bʼa tatte,descriptions_quantity,beginner_plus,True,simple-eng-med.xlsx,Sheet1,379,needs_review,4,
it_is_small,It is small,A kag neshu,descriptions_quantity,beginner_plus,True,simple-eng-med.xlsx,Sheet1,258,needs_review,3,
it_is_small,It is small,A kag,descriptions_quantity,beginner_plus,True,simple-eng-med.xlsx,Sheet1,386,needs_review,3,
it_is_too_much,It is too much,A gha' mbu,descriptions_quantity,beginner_plus,True,simple-eng-med.xlsx,Sheet1,230,needs_review,4,
it_is_too_much,It is too much,A ya' nka',descriptions_quantity,beginner_plus,True,simple-eng-med.xlsx,Sheet1,231,needs_review,4,
it_is_too_much,It is too much,A yàm,descriptions_quantity,beginner_plus,True,simple-eng-med.xlsx,Sheet1,232,needs_review,4,
it_is_true,It is true,A nenùn,descriptions_quantity,beginner_plus,True,simple-eng-med.xlsx,Sheet1,375,needs_review,3,
it_is_true,It is true,A bèn mbʼà nenùn,descriptions_quantity,beginner_plus,True,simple-eng-med.xlsx,Sheet1,376,needs_review,3,
it_s_long,It's long,A sàg,descriptions_quantity,beginner_plus,True,simple-eng-med.xlsx,Sheet1,712,needs_review,2,
it_s_short,It's short,vôg,descriptions_quantity,beginner_plus,True,simple-eng-med.xlsx,Sheet1,713,needs_review,2,
small,Small,Kag,descriptions_quantity,beginner_plus,True,simple-eng-med.xlsx,Sheet1,385,needs_review,1,
so_much,So much,Ta',descriptions_quantity,beginner_plus,True,simple-eng-med.xlsx,Sheet1,550,needs_review,2,
that_rope_is_too_long,That rope is too long,Nkù là sag neshu,descriptions_quantity,beginner_plus,True,simple-eng-med.xlsx,Sheet1,259,needs_review,5,
that_s_right,That's right,A kua' yi la,descriptions_quantity,beginner_plus,True,simple-eng-med.xlsx,Sheet1,440,needs_review,2,
too_much,Too much,Ta',descriptions_quantity,beginner_plus,True,simple-eng-med.xlsx,Sheet1,549,needs_review,2,
a_boy,A boy,Men mandum,family_people,beginner,True,simple-eng-med.xlsx,Sheet1,305,needs_review,2,
a_girl,A girl,Men mennzwi,family_people,beginner,True,simple-eng-med.xlsx,Sheet1,306,needs_review,2,
a_woman,A woman,mènnzwi,family_people,beginner,True,simple-eng-med.xlsx,Sheet1,310,needs_review,2,
children_should_obey_their_parents,Children should obey their parents.,Bônkeʼ ghù ne njuʼ ntshu tà tshob mba mà tshobe.,family_people,beginner,True,simple-eng-med.xlsx,Sheet1,153,needs_review,5,
father,Father,Tà,family_people,beginner,True,simple-eng-med.xlsx,Sheet1,299,needs_review,1,
give_to_your_brother,Give to your brother,Fâ mfêl o,family_people,beginner,True,simple-eng-med.xlsx,Sheet1,508,needs_review,4,
husband,Husband,Bandum,family_people,beginner,True,simple-eng-med.xlsx,Sheet1,309,needs_review,1,
in_the_name_of_the_father,In the name of the father,Num lén tà,family_people,beginner,True,simple-eng-med.xlsx,Sheet1,505,needs_review,6,
mother,mother,mà,family_people,beginner,True,simple-eng-med.xlsx,Sheet1,260,needs_review,1,
my_brother,My brother,Mfêlàm,family_people,beginner,True,simple-eng-med.xlsx,Sheet1,301,needs_review,2,
my_brother,My brother,Mfêlàm mzè mandum,family_people,beginner,True,simple-eng-med.xlsx,Sheet1,302,needs_review,2,
my_father,My father,Tà a,family_people,beginner,True,simple-eng-med.xlsx,Sheet1,300,needs_review,2,
my_mother,My mother,mà a,family_people,beginner,True,simple-eng-med.xlsx,Sheet1,261,needs_review,2,
my_sister,My sister,Mfêlàm,family_people,beginner,True,simple-eng-med.xlsx,Sheet1,303,needs_review,2,
my_sister,My sister,Mfêlàm mzè mennzwi,family_people,beginner,True,simple-eng-med.xlsx,Sheet1,304,needs_review,2,
please_mother,Please mother,Netshoʼo mà,family_people,beginner,True,simple-eng-med.xlsx,Sheet1,381,needs_review,2,
please_my_brother,Please my brother,Netshoʼo mfelàm,family_people,beginner,True,simple-eng-med.xlsx,Sheet1,389,needs_review,3,
please_my_sister,Please my sister,Netshoʼo mfelàm,family_people,beginner,True,simple-eng-med.xlsx,Sheet1,390,needs_review,3,
the_child,The child,Men,family_people,beginner,True,simple-eng-med.xlsx,Sheet1,506,needs_review,2,
the_child_is_sick,The child is sick,Mén tshwèt ngokèt,family_people,beginner,True,simple-eng-med.xlsx,Sheet1,699,needs_review,4,
where_is_your_dad,Where is your Dad?,Tàan ya?,family_people,beginner,True,simple-eng-med.xlsx,Sheet1,451,needs_review,4,
where_is_your_father,Where is your father?,Tàan ya?,family_people,beginner,True,simple-eng-med.xlsx,Sheet1,452,needs_review,4,
wife,Wife,Bènnzwi,family_people,beginner,True,simple-eng-med.xlsx,Sheet1,312,needs_review,1,
woman,Woman,Mènnzwi,family_people,beginner,True,simple-eng-med.xlsx,Sheet1,311,needs_review,1,
be_happy,Be happy,Tsiañde,feelings,beginner_plus,True,simple-eng-med.xlsx,Sheet1,409,needs_review,2,
be_mad,Be mad,Yantu,feelings,beginner_plus,True,simple-eng-med.xlsx,Sheet1,406,needs_review,2,
cry,Cry,Kuà'a,feelings,beginner_plus,True,simple-eng-med.xlsx,Sheet1,295,needs_review,1,
get_mad,Get mad,Yantu,feelings,beginner_plus,True,simple-eng-med.xlsx,Sheet1,408,needs_review,2,
i_am_happy,I am happy,Nu bwo am,feelings,beginner_plus,True,simple-eng-med.xlsx,Sheet1,410,needs_review,3,
i_am_happy,I am happy,Me Tsiañde,feelings,beginner_plus,True,simple-eng-med.xlsx,Sheet1,411,needs_review,3,
i_feel_sorry_for_you,I feel sorry for you,Mbam mba,feelings,beginner_plus,True,simple-eng-med.xlsx,Sheet1,521,needs_review,5,
i_love_you,I love you,Mè kô o,feelings,beginner_plus,True,simple-eng-med.xlsx,Sheet1,497,needs_review,3,
i_love_you_so_much,I love you so much,Me kô o ta,feelings,beginner_plus,True,simple-eng-med.xlsx,Sheet1,696,needs_review,5,
laugh,Laugh,Zwi,feelings,beginner_plus,True,simple-eng-med.xlsx,Sheet1,294,needs_review,1,
love,Love,Nkôni,feelings,beginner_plus,True,simple-eng-med.xlsx,Sheet1,496,needs_review,1,
show_love,Show love.,Kô tsemoʼ benntùn.,feelings,beginner_plus,True,simple-eng-med.xlsx,Sheet1,176,needs_review,2,
you_are_crying,You are crying,O tshwèt nkuâ'a,feelings,beginner_plus,True,simple-eng-med.xlsx,Sheet1,435,needs_review,3,
you_are_laughing,You are laughing,O tshwèt nzwi,feelings,beginner_plus,True,simple-eng-med.xlsx,Sheet1,434,needs_review,3,
are_you_hungry,Are you hungry?,Nzikû' ya o ke?,food_drink,beginner,True,simple-eng-med.xlsx,Sheet1,702,needs_review,3,
breathe,Breathe,Zwiage,food_drink,beginner,True,simple-eng-med.xlsx,Sheet1,620,needs_review,1,
chilli_pepper,Chilli pepper,Sôg neta,food_drink,beginner,True,simple-eng-med.xlsx,Sheet1,582,needs_review,2,
chilli_pepper,Chilli pepper,Sà to,food_drink,beginner,True,simple-eng-med.xlsx,Sheet1,583,needs_review,2,
don_t_finish_food,Don't finish food,Kâ miagde tshañ,food_drink,beginner,True,simple-eng-med.xlsx,Sheet1,647,needs_review,3,
don_t_finish_your_food,Don't finish your food,Kâ miagde tshañ su,food_drink,beginner,True,simple-eng-med.xlsx,Sheet1,648,needs_review,4,
drink,Drink,Nu,food_drink,beginner,True,simple-eng-med.xlsx,Sheet1,313,needs_review,1,
drink_water,Drink water,Nu ntse,food_drink,beginner,True,simple-eng-med.xlsx,Sheet1,288,needs_review,2,
eat,Eat,Jù,food_drink,beginner,True,simple-eng-med.xlsx,Sheet1,314,needs_review,1,
eat,Eat,Jujù,food_drink,beginner,True,simple-eng-med.xlsx,Sheet1,695,needs_review,1,
eat_meat,Eat meat,Fed mbàb,food_drink,beginner,True,simple-eng-med.xlsx,Sheet1,493,needs_review,2,
food_is_finish,Food is finish,Tshañ mi,food_drink,beginner,True,simple-eng-med.xlsx,Sheet1,645,needs_review,3,
have_a_seat,Have a seat,Tswe nsi,food_drink,beginner,True,simple-eng-med.xlsx,Sheet1,343,needs_review,3,
have_a_seat_please,Have a seat please,Tswe nsi netsho'o,food_drink,beginner,True,simple-eng-med.xlsx,Sheet1,227,needs_review,4,
have_you_eaten,Have you eaten?,O ya njù tshañ yi?,food_drink,beginner,True,simple-eng-med.xlsx,Sheet1,477,needs_review,3,
have_you_eaten,Have you eaten?,O njù tshañ yi?,food_drink,beginner,True,simple-eng-med.xlsx,Sheet1,478,needs_review,3,
hunger,Hunger,Nziku'u,food_drink,beginner,True,simple-eng-med.xlsx,Sheet1,688,needs_review,1,
i_am_eating,I am eating,Mé ju â ju,food_drink,beginner,True,simple-eng-med.xlsx,Sheet1,425,needs_review,3,
i_am_hungry,I am hungry,Nziku' tshwèt nja àm,food_drink,beginner,True,simple-eng-med.xlsx,Sheet1,687,needs_review,3,
i_will_drink_water,I will drink water,Mè à nu ntse,food_drink,beginner,True,simple-eng-med.xlsx,Sheet1,479,needs_review,4,
i_will_eat,I will eat,Mè à ju ju,food_drink,beginner,True,simple-eng-med.xlsx,Sheet1,476,needs_review,3,
meat,Meat,Mbàb,food_drink,beginner,True,simple-eng-med.xlsx,Sheet1,492,needs_review,1,
plantain,Plantain,Kè lo,food_drink,beginner,True,simple-eng-med.xlsx,Sheet1,494,needs_review,1,
repeat_please,"Repeat, please","Bwogte, Netshoʼo",food_drink,beginner,True,simple-eng-med.xlsx,Sheet1,753,needs_review,2,
rice,Rice,Nkun,food_drink,beginner,True,simple-eng-med.xlsx,Sheet1,580,needs_review,1,
rice,Rice,Nkûn mè kale,food_drink,beginner,True,simple-eng-med.xlsx,Sheet1,581,needs_review,1,
spices,Spices,Oûsog,food_drink,beginner,True,simple-eng-med.xlsx,Sheet1,584,needs_review,1,
the_dog_ate_meat,The dog ate meat,Mbù fèt mbàb,food_drink,beginner,True,simple-eng-med.xlsx,Sheet1,765,needs_review,4,
the_dog_ate_meat_everyday,The dog ate meat everyday,Mbù nâ' ke mfèt mbàb njo,food_drink,beginner,True,simple-eng-med.xlsx,Sheet1,768,needs_review,5,
the_dog_ate_meat_yesterday,The dog ate meat yesterday,Mbù fèt mbàb nkog,food_drink,beginner,True,simple-eng-med.xlsx,Sheet1,766,needs_review,5,
the_dog_eats_meat,The dog eats meat,Mbù num mfèt mbàb,food_drink,beginner,True,simple-eng-med.xlsx,Sheet1,763,needs_review,4,
the_dog_is_eating_meat,The dog is eating meat,Mbù tshwèt mfèt mbàb,food_drink,beginner,True,simple-eng-med.xlsx,Sheet1,764,needs_review,5,
the_dog_will_eat_meat,The dog will eat meat,Mbù à' mfèt mbàb,food_drink,beginner,True,simple-eng-med.xlsx,Sheet1,769,needs_review,5,
the_sauce,The sauce,Soge,food_drink,beginner,True,simple-eng-med.xlsx,Sheet1,578,needs_review,2,
the_sauce,The sauce,Nya'a,food_drink,beginner,True,simple-eng-med.xlsx,Sheet1,579,needs_review,2,
water,Water,Ntse,food_drink,beginner,True,simple-eng-med.xlsx,Sheet1,287,needs_review,1,
water_is_finish,Water is finish,Ntse mi,food_drink,beginner,True,simple-eng-med.xlsx,Sheet1,644,needs_review,3,
what_do_we_breathe_with,What do we breathe with?,Bo ke nzwiâg a bo ke?,food_drink,beginner,True,simple-eng-med.xlsx,Sheet1,621,needs_review,5,
everyone,Everyone,Njoñ benntùn fa,general,review,True,simple-eng-med.xlsx,Sheet1,5,needs_review,1,
good_morning,Good morning,O zi à,greetings_politeness,beginner,True,simple-eng-med.xlsx,Sheet1,575,needs_review,2,
good_night,Good night,Zi mè bwo,greetings_politeness,beginner,True,simple-eng-med.xlsx,Sheet1,685,needs_review,2,
hello,Hello,O zi à,greetings_politeness,beginner,True,simple-eng-med.xlsx,Sheet1,574,needs_review,1,
how_are_you,How are you?,A ndû ke?,greetings_politeness,beginner,True,simple-eng-med.xlsx,Sheet1,576,needs_review,3,
please,Please,Netshoʼo,greetings_politeness,beginner,True,simple-eng-med.xlsx,Sheet1,336,needs_review,1,
sleep_tight,sleep tight,Zi mè bwo,greetings_politeness,beginner,True,simple-eng-med.xlsx,Sheet1,686,needs_review,2,
thank_you,Thank you,Me labte,greetings_politeness,beginner,True,simple-eng-med.xlsx,Sheet1,443,needs_review,2,
thank_you,Thank you,Me bam,greetings_politeness,beginner,True,simple-eng-med.xlsx,Sheet1,563,needs_review,2,
welcome,Welcome,Seʼ mebwô,greetings_politeness,beginner,True,simple-eng-med.xlsx,Sheet1,462,needs_review,1,
welcome,Welcome,Seʼ mebwô,greetings_politeness,beginner,True,simple-eng-med.xlsx,Sheet1,761,needs_review,1,
well_done,Well done,A bwô,greetings_politeness,beginner,True,simple-eng-med.xlsx,Sheet1,235,needs_review,2,
well_done,Well done,O ghù a bwô,greetings_politeness,beginner,True,simple-eng-med.xlsx,Sheet1,236,needs_review,2,
well_done,Well done,A be mebwô,greetings_politeness,beginner,True,simple-eng-med.xlsx,Sheet1,237,needs_review,2,
you_are_welcome,You are welcome,Seʼ mebwô,greetings_politeness,beginner,True,simple-eng-med.xlsx,Sheet1,463,needs_review,3,
being_sick,Being sick,Nè ngokèt,health_hygiene,beginner_plus,True,simple-eng-med.xlsx,Sheet1,697,needs_review,2,
brushing_your_teeth,Brushing your teeth,Nè cu ' ncù,health_hygiene,beginner_plus,True,simple-eng-med.xlsx,Sheet1,473,needs_review,3,
go_brush_your_teeth,Go brush your teeth,Nèn ncû' ncù u,health_hygiene,beginner_plus,True,simple-eng-med.xlsx,Sheet1,474,needs_review,4,
go_wash_yourself,Go wash yourself,Nesôg wûl u,health_hygiene,beginner_plus,True,simple-eng-med.xlsx,Sheet1,471,needs_review,3,
have_a_rest,Have a rest,Fite,health_hygiene,beginner_plus,True,simple-eng-med.xlsx,Sheet1,642,needs_review,3,
i_am_healed,I am healed,Me yate,health_hygiene,beginner_plus,True,simple-eng-med.xlsx,Sheet1,704,needs_review,3,
i_am_sick,I am sick,Me tshwèt ngokèt,health_hygiene,beginner_plus,True,simple-eng-med.xlsx,Sheet1,698,needs_review,3,
i_am_tired,I am tired,Me bod,health_hygiene,beginner_plus,True,simple-eng-med.xlsx,Sheet1,424,needs_review,3,
it_hurts,It hurts,A tshwèt nja,health_hygiene,beginner_plus,True,simple-eng-med.xlsx,Sheet1,388,needs_review,2,
she_is_sick,She is sick,A tshwèt ngokèt,health_hygiene,beginner_plus,True,simple-eng-med.xlsx,Sheet1,703,needs_review,3,
wash_yourself,Wash yourself,Sôg wu,health_hygiene,beginner_plus,True,simple-eng-med.xlsx,Sheet1,470,needs_review,2,
you_washed_yourself,you washed yourself,O sôg wûl u,health_hygiene,beginner_plus,True,simple-eng-med.xlsx,Sheet1,472,needs_review,3,
a_cup,A cup,cup,home_objects,beginner,True,simple-eng-med.xlsx,Sheet1,315,needs_review,2,
a_cup,A cup,cup,home_objects,beginner,True,simple-eng-med.xlsx,Sheet1,316,needs_review,2,
a_glass,A glass,cup,home_objects,beginner,True,simple-eng-med.xlsx,Sheet1,317,needs_review,2,
a_glass,A glass,cup,home_objects,beginner,True,simple-eng-med.xlsx,Sheet1,318,needs_review,2,
close_the_door,Close the door,Fu' nzè nda,home_objects,beginner,True,simple-eng-med.xlsx,Sheet1,341,needs_review,3,
i_am_in_the_kitchen,I am in the kitchen,Me bʼa fe 'mbwoge,home_objects,beginner,True,simple-eng-med.xlsx,Sheet1,428,needs_review,5,
i_am_in_the_room,I am in the room,Me bʼa to' nda,home_objects,beginner,True,simple-eng-med.xlsx,Sheet1,427,needs_review,5,
kitchen,Kitchen,Kisim,home_objects,beginner,True,simple-eng-med.xlsx,Sheet1,234,needs_review,1,
let_s_go_and_show_the_house,Let's go and show the house,Bag bin nèn la'de ba',home_objects,beginner,True,simple-eng-med.xlsx,Sheet1,257,needs_review,6,
let_s_go_home_it_s_getting_late,Let's go home it's getting late,"Bag bin bène, njù yà sèn.",home_objects,beginner,True,simple-eng-med.xlsx,Sheet1,256,needs_review,6,
my_house_is_far,My house is far,Yàm ba' be ngùanesa,home_objects,beginner,True,simple-eng-med.xlsx,Sheet1,239,needs_review,4,
my_house_is_far,My house is far,Yàm ba' sage,home_objects,beginner,True,simple-eng-med.xlsx,Sheet1,240,needs_review,4,
open_the_door,Open the door,Co' nzè nda,home_objects,beginner,True,simple-eng-med.xlsx,Sheet1,342,needs_review,3,
the_door,The door,nda,home_objects,beginner,True,simple-eng-med.xlsx,Sheet1,340,needs_review,2,
the_door,The door,Nzè nda,home_objects,beginner,True,simple-eng-med.xlsx,Sheet1,568,needs_review,2,
the_kitchen,The kitchen,Fe ' mbwoge,home_objects,beginner,True,simple-eng-med.xlsx,Sheet1,570,needs_review,2,
the_living_room,The living room,Tô' mo,home_objects,beginner,True,simple-eng-med.xlsx,Sheet1,569,needs_review,3,
the_plate,The plate,Ka,home_objects,beginner,True,simple-eng-med.xlsx,Sheet1,567,needs_review,2,
the_spoon,The spoon,Du',home_objects,beginner,True,simple-eng-med.xlsx,Sheet1,566,needs_review,2,
don_t_tread_on,Don't tread on,Kâ nyà n,learning,beginner_plus,True,simple-eng-med.xlsx,Sheet1,532,needs_review,3,
grammar,Grammar,Ka ncobe,learning,beginner_plus,True,simple-eng-med.xlsx,Sheet1,762,needs_review,1,
it_is_already_daylight,It is already daylight,Njù yà làn,learning,beginner_plus,True,simple-eng-med.xlsx,Sheet1,737,needs_review,4,
open,Open,Co'o,learning,beginner_plus,True,simple-eng-med.xlsx,Sheet1,339,needs_review,1,
read,Read,Sianje,learning,beginner_plus,True,simple-eng-med.xlsx,Sheet1,518,needs_review,1,
the_book,The book,Bu' ñwaʼni,learning,beginner_plus,True,simple-eng-med.xlsx,Sheet1,586,needs_review,2,
the_booklet,The booklet,Buʼ ñwaʼni,learning,beginner_plus,True,simple-eng-med.xlsx,Sheet1,585,needs_review,2,
the_pen,The pen,Kud,learning,beginner_plus,True,simple-eng-med.xlsx,Sheet1,587,needs_review,2,
the_sun_has_already_set,The sun has already set,Nyàm yà bi,learning,beginner_plus,True,simple-eng-med.xlsx,Sheet1,250,needs_review,5,
to_write,To write,Ne ki,learning,beginner_plus,True,simple-eng-med.xlsx,Sheet1,516,needs_review,2,
treading_on,Treading on,Nè nyà ne,learning,beginner_plus,True,simple-eng-med.xlsx,Sheet1,531,needs_review,2,
what_s_happening,What's happening?,A côb mbè ke?,learning,beginner_plus,True,simple-eng-med.xlsx,Sheet1,3,needs_review,2,
write,Write,Ki,learning,beginner_plus,True,simple-eng-med.xlsx,Sheet1,517,needs_review,1,
be_upset,Be upset,Yantu,location_direction,beginner,True,simple-eng-med.xlsx,Sheet1,405,needs_review,2,
behind,Behind,Njam,location_direction,beginner,True,simple-eng-med.xlsx,Sheet1,626,needs_review,1,
come_and_sit_down,Come and sit down,Sè' ntswe nsi,location_direction,beginner,True,simple-eng-med.xlsx,Sheet1,690,needs_review,4,
come_here,Come here,Se' nzi,location_direction,beginner,True,simple-eng-med.xlsx,Sheet1,485,needs_review,2,
come_here,Come here,Se' zenni,location_direction,beginner,True,simple-eng-med.xlsx,Sheet1,486,needs_review,2,
don_t_get_up,Don't get up,Ka lo si,location_direction,beginner,True,simple-eng-med.xlsx,Sheet1,467,needs_review,3,
down,Down,Matùn,location_direction,beginner,True,simple-eng-med.xlsx,Sheet1,628,needs_review,1,
get_down,Get down,Swe'e,location_direction,beginner,True,simple-eng-med.xlsx,Sheet1,344,needs_review,2,
get_up,Get up,Lo si,location_direction,beginner,True,simple-eng-med.xlsx,Sheet1,442,needs_review,2,
get_upset,Get upset,Yantu,location_direction,beginner,True,simple-eng-med.xlsx,Sheet1,407,needs_review,2,
go_there,Go there,Nèn madin,location_direction,beginner,True,simple-eng-med.xlsx,Sheet1,488,needs_review,2,
go_up,Go up,ko'o,location_direction,beginner,True,simple-eng-med.xlsx,Sheet1,345,needs_review,2,
go_up,Go up,Ko'o,location_direction,beginner,True,simple-eng-med.xlsx,Sheet1,565,needs_review,2,
here,Here,Zenni,location_direction,beginner,True,simple-eng-med.xlsx,Sheet1,480,needs_review,1,
here,Here,Nzi,location_direction,beginner,True,simple-eng-med.xlsx,Sheet1,481,needs_review,1,
here_he_is,Here he is,A be nsi la,location_direction,beginner,True,simple-eng-med.xlsx,Sheet1,429,needs_review,3,
here_he_is,Here he is,A la nsi,location_direction,beginner,True,simple-eng-med.xlsx,Sheet1,430,needs_review,3,
here_he_is,Here he is,A li,location_direction,beginner,True,simple-eng-med.xlsx,Sheet1,542,needs_review,3,
here_i_am,Here I am,Mè be nsi la,location_direction,beginner,True,simple-eng-med.xlsx,Sheet1,431,needs_review,3,
here_i_am,Here I am,Me li,location_direction,beginner,True,simple-eng-med.xlsx,Sheet1,539,needs_review,3,
here_it_is,Here it is,A li,location_direction,beginner,True,simple-eng-med.xlsx,Sheet1,421,needs_review,3,
here_it_is_away_from_you,Here it is away from you,A din,location_direction,beginner,True,simple-eng-med.xlsx,Sheet1,423,needs_review,6,
here_it_is_beside_you,Here it is beside you,A la,location_direction,beginner,True,simple-eng-med.xlsx,Sheet1,422,needs_review,5,
leave_from_there,Leave from there,Lo nza,location_direction,beginner,True,simple-eng-med.xlsx,Sheet1,293,needs_review,3,
leave_from_there,Leave from there,Lo zenna,location_direction,beginner,True,simple-eng-med.xlsx,Sheet1,487,needs_review,3,
lie_down,Lie down,Nô nsi,location_direction,beginner,True,simple-eng-med.xlsx,Sheet1,490,needs_review,2,
next_to,Next to,Mban,location_direction,beginner,True,simple-eng-med.xlsx,Sheet1,627,needs_review,2,
pick_it_up,Pick it up,Ju ag yila,location_direction,beginner,True,simple-eng-med.xlsx,Sheet1,754,needs_review,3,
pull_that_rope_from_there,Pull that rope from there,To'de nesoñ nku là à mà bwe.,location_direction,beginner,True,simple-eng-med.xlsx,Sheet1,222,needs_review,5,
return,return,Bèn njam,location_direction,beginner,True,simple-eng-med.xlsx,Sheet1,631,needs_review,1,
she_is_not_there,She is not there,A kê' be nsi,location_direction,beginner,True,simple-eng-med.xlsx,Sheet1,433,needs_review,4,
shut_up,Shut up,Mùm ntshu o,location_direction,beginner,True,simple-eng-med.xlsx,Sheet1,297,needs_review,2,
shut_up_don_t_say_that,Shut up don’t say that,"Mùm ntshu o, kà tshob ndùlà",location_direction,beginner,True,simple-eng-med.xlsx,Sheet1,221,needs_review,5,
there_away_from_you_and_me,There away from you and me,Zendin,location_direction,beginner,True,simple-eng-med.xlsx,Sheet1,484,needs_review,6,
up,Up,mf et u,location_direction,beginner,True,simple-eng-med.xlsx,Sheet1,629,needs_review,1,
wake_up,Wake up,Bà me,location_direction,beginner,True,simple-eng-med.xlsx,Sheet1,447,needs_review,2,
will_wake_up,Will wake up,Nù mi,location_direction,beginner,True,simple-eng-med.xlsx,Sheet1,448,needs_review,3,
you_are_not_here,You are not here,O kê' be nsi,location_direction,beginner,True,simple-eng-med.xlsx,Sheet1,432,needs_review,4,
five,Five,Tàn,numbers,beginner,True,simple-eng-med.xlsx,Sheet1,334,needs_review,1,
four,Four,Kuà,numbers,beginner,True,simple-eng-med.xlsx,Sheet1,333,needs_review,1,
nine,Nine,Bwè'e,numbers,beginner,True,simple-eng-med.xlsx,Sheet1,553,needs_review,1,
one,One,Taʼ,numbers,beginner,True,simple-eng-med.xlsx,Sheet1,330,needs_review,1,
seven,Seven,Sammbaha,numbers,beginner,True,simple-eng-med.xlsx,Sheet1,552,needs_review,1,
six,Six,Ntoge,numbers,beginner,True,simple-eng-med.xlsx,Sheet1,551,needs_review,1,
ten,Ten,Gham,numbers,beginner,True,simple-eng-med.xlsx,Sheet1,554,needs_review,1,
three,Three,Tàt,numbers,beginner,True,simple-eng-med.xlsx,Sheet1,332,needs_review,1,
two,Two,Boho,numbers,beginner,True,simple-eng-med.xlsx,Sheet1,331,needs_review,1,
zero,Zero,Ba nban,numbers,beginner,True,simple-eng-med.xlsx,Sheet1,329,needs_review,1,
he,He,A,pronouns_possession,beginner,True,simple-eng-med.xlsx,Sheet1,350,needs_review,1,
i,I,Mé,pronouns_possession,beginner,True,simple-eng-med.xlsx,Sheet1,347,needs_review,1,
i,I,Me,pronouns_possession,beginner,True,simple-eng-med.xlsx,Sheet1,348,needs_review,1,
it_s_his,It's his,A ze,pronouns_possession,beginner,True,simple-eng-med.xlsx,Sheet1,363,needs_review,2,
it_s_his,It's his,A bʼa ze,pronouns_possession,beginner,True,simple-eng-med.xlsx,Sheet1,364,needs_review,2,
it_s_mine,It's mine,A yam,pronouns_possession,beginner,True,simple-eng-med.xlsx,Sheet1,359,needs_review,2,
it_s_mine,It's mine,A bʼa yam,pronouns_possession,beginner,True,simple-eng-med.xlsx,Sheet1,360,needs_review,2,
it_s_ours,It's ours,A yag,pronouns_possession,beginner,True,simple-eng-med.xlsx,Sheet1,365,needs_review,2,
it_s_ours,It's ours,A bʼa yag,pronouns_possession,beginner,True,simple-eng-med.xlsx,Sheet1,366,needs_review,2,
it_s_theirs,It's theirs,A yub,pronouns_possession,beginner,True,simple-eng-med.xlsx,Sheet1,369,needs_review,2,
it_s_theirs,It's theirs,A bʼa yub,pronouns_possession,beginner,True,simple-eng-med.xlsx,Sheet1,370,needs_review,2,
it_s_yours,It's yours,A yu,pronouns_possession,beginner,True,simple-eng-med.xlsx,Sheet1,361,needs_review,2,
it_s_yours,It's yours,A bʼa yu,pronouns_possession,beginner,True,simple-eng-med.xlsx,Sheet1,362,needs_review,2,
it_s_yours,It's yours,A zin,pronouns_possession,beginner,True,simple-eng-med.xlsx,Sheet1,367,needs_review,2,
it_s_yours,It's yours,A bʼa zin,pronouns_possession,beginner,True,simple-eng-med.xlsx,Sheet1,368,needs_review,2,
she,She,A,pronouns_possession,beginner,True,simple-eng-med.xlsx,Sheet1,351,needs_review,1,
they,They,Bo,pronouns_possession,beginner,True,simple-eng-med.xlsx,Sheet1,354,needs_review,1,
to_buy,To buy,Nè jun,pronouns_possession,beginner,True,simple-eng-med.xlsx,Sheet1,656,needs_review,2,
to_do,To do,Ghu,pronouns_possession,beginner,True,simple-eng-med.xlsx,Sheet1,412,needs_review,2,
to_him,To him,Yi,pronouns_possession,beginner,True,simple-eng-med.xlsx,Sheet1,511,needs_review,2,
to_hurt,To hurt,Ya,pronouns_possession,beginner,True,simple-eng-med.xlsx,Sheet1,387,needs_review,2,
to_love,To love,Nè kô,pronouns_possession,beginner,True,simple-eng-med.xlsx,Sheet1,495,needs_review,2,
to_me,To me,Mè,pronouns_possession,beginner,True,simple-eng-med.xlsx,Sheet1,509,needs_review,2,
to_sell,To sell,Nè swène,pronouns_possession,beginner,True,simple-eng-med.xlsx,Sheet1,655,needs_review,2,
to_sing,To sing,Nè yob,pronouns_possession,beginner,True,simple-eng-med.xlsx,Sheet1,519,needs_review,2,
to_smell,To smell,Nè là me,pronouns_possession,beginner,True,simple-eng-med.xlsx,Sheet1,393,needs_review,2,
to_them,To them,Bo,pronouns_possession,beginner,True,simple-eng-med.xlsx,Sheet1,514,needs_review,2,
to_tie,To tie,Nè tàne,pronouns_possession,beginner,True,simple-eng-med.xlsx,Sheet1,730,needs_review,2,
to_us,To us,Bag,pronouns_possession,beginner,True,simple-eng-med.xlsx,Sheet1,512,needs_review,2,
to_you,To you,Wù,pronouns_possession,beginner,True,simple-eng-med.xlsx,Sheet1,510,needs_review,2,
to_you,To you,Bin,pronouns_possession,beginner,True,simple-eng-med.xlsx,Sheet1,513,needs_review,2,
we,We,Bag,pronouns_possession,beginner,True,simple-eng-med.xlsx,Sheet1,352,needs_review,1,
you,You,O,pronouns_possession,beginner,True,simple-eng-med.xlsx,Sheet1,349,needs_review,1,
you,You,Bin,pronouns_possession,beginner,True,simple-eng-med.xlsx,Sheet1,353,needs_review,1,
are_you_angry,Are you angry?,Oyantu ke?,questions,beginner,True,simple-eng-med.xlsx,Sheet1,700,needs_review,3,
are_you_full,Are you full?,Oywed ke?,questions,beginner,True,simple-eng-med.xlsx,Sheet1,701,needs_review,3,
because,Because,Nummbe,questions,beginner,True,simple-eng-med.xlsx,Sheet1,265,needs_review,1,
because_i_am_happy,Because I am happy,Nummbe nu bwo am Tsiañde,questions,beginner,True,simple-eng-med.xlsx,Sheet1,437,needs_review,4,
because_i_am_happy,Because I am happy,Nummbe me Tsiañde,questions,beginner,True,simple-eng-med.xlsx,Sheet1,438,needs_review,4,
do_what_is_good,Do what is good.,Ghù numebwô.,questions,beginner,True,simple-eng-med.xlsx,Sheet1,169,needs_review,4,
everywhere,Everywhere,Njoñ dùʼ fa,questions,beginner,True,simple-eng-med.xlsx,Sheet1,667,needs_review,1,
for_whom,For whom,Ze we?,questions,beginner,True,simple-eng-med.xlsx,Sheet1,356,needs_review,2,
have_you_urinated,Have you urinated?,O tsi ntè ke?,questions,beginner,True,simple-eng-med.xlsx,Sheet1,726,needs_review,3,
no_where,No where,Sa mdu',questions,beginner,True,simple-eng-med.xlsx,Sheet1,668,needs_review,2,
that_what,That what?,ke di?,questions,beginner,True,simple-eng-med.xlsx,Sheet1,749,needs_review,2,
the_whole,The whole,Ntô,questions,beginner,True,simple-eng-med.xlsx,Sheet1,653,needs_review,2,
what,What?,Ke?,questions,beginner,True,simple-eng-med.xlsx,Sheet1,614,needs_review,1,
what_are_you_doing,What are you doing?,O ghù a ke?,questions,beginner,True,simple-eng-med.xlsx,Sheet1,413,needs_review,4,
what_are_you_saying,What are you saying?,O mbè ke di?,questions,beginner,True,simple-eng-med.xlsx,Sheet1,750,needs_review,4,
what_do_we_talk_with,What do we talk with?,Bo ke ntshobe a bo ke?,questions,beginner,True,simple-eng-med.xlsx,Sheet1,622,needs_review,5,
what_do_you_say,What do you say?,O mbè ke di?,questions,beginner,True,simple-eng-med.xlsx,Sheet1,751,needs_review,4,
what_is_going_on,What is going on?,A côb mbè ke?,questions,beginner,True,simple-eng-med.xlsx,Sheet1,601,needs_review,4,
what_is_it,What is it?,A bʼa ke?,questions,beginner,True,simple-eng-med.xlsx,Sheet1,283,needs_review,3,
what_is_it,What is it?,A ke?,questions,beginner,True,simple-eng-med.xlsx,Sheet1,284,needs_review,3,
when,When?,Se?,questions,beginner,True,simple-eng-med.xlsx,Sheet1,612,needs_review,1,
where,Where?,Ya?,questions,beginner,True,simple-eng-med.xlsx,Sheet1,616,needs_review,1,
where_are_you,Where are you?,O bʼa ya?,questions,beginner,True,simple-eng-med.xlsx,Sheet1,426,needs_review,3,
which,Which?,Zile?,questions,beginner,True,simple-eng-med.xlsx,Sheet1,615,needs_review,1,
who,Who,We,questions,beginner,True,simple-eng-med.xlsx,Sheet1,278,needs_review,1,
who,Who?,We?,questions,beginner,True,simple-eng-med.xlsx,Sheet1,613,needs_review,1,
who_is_it,Who is it?,A we?,questions,beginner,True,simple-eng-med.xlsx,Sheet1,279,needs_review,3,
who_is_it,Who is it?,A bʼa we?,questions,beginner,True,simple-eng-med.xlsx,Sheet1,280,needs_review,3,
who_is_it_for,Who is it for?,A ze we?,questions,beginner,True,simple-eng-med.xlsx,Sheet1,357,needs_review,4,
who_is_it_for,Who is it for?,A bʼa ze we?,questions,beginner,True,simple-eng-med.xlsx,Sheet1,358,needs_review,4,
who_is_this,Who is this?,A we li,questions,beginner,True,simple-eng-med.xlsx,Sheet1,515,needs_review,3,
why,Why,Numke,questions,beginner,True,simple-eng-med.xlsx,Sheet1,264,needs_review,1,
why_are_you_laughing,Why are you laughing?,O zwi â numke?,questions,beginner,True,simple-eng-med.xlsx,Sheet1,436,needs_review,4,
with_what,With what?,Bô ke?,questions,beginner,True,simple-eng-med.xlsx,Sheet1,619,needs_review,2,
with_who,With who?,Bô we?,questions,beginner,True,simple-eng-med.xlsx,Sheet1,618,needs_review,2,
current_time,Current time,Ngelañ ndônni,time,beginner,True,simple-eng-med.xlsx,Sheet1,30,needs_review,2,
evening,Evening,Mvednjù,time,beginner,True,simple-eng-med.xlsx,Sheet1,595,needs_review,1,
friday,Friday,Fradé,time,beginner,True,simple-eng-med.xlsx,Sheet1,774,needs_review,1,
i_don_t_know,I don't know,Me ke' lèn,time,beginner,True,simple-eng-med.xlsx,Sheet1,415,needs_review,3,
i_don_t_know,I don't know,Me ke' lèn,time,beginner,True,simple-eng-med.xlsx,Sheet1,439,needs_review,3,
i_know,I know,Me lèn,time,beginner,True,simple-eng-med.xlsx,Sheet1,414,needs_review,2,
it_is_daylight,It is daylight,Njù làn,time,beginner,True,simple-eng-med.xlsx,Sheet1,738,needs_review,3,
midday,Midday,Ngelañ,time,beginner,True,simple-eng-med.xlsx,Sheet1,596,needs_review,1,
morning,Morning,Nkebnjù,time,beginner,True,simple-eng-med.xlsx,Sheet1,594,needs_review,1,
next_time,Next time,Be tù' mo' lé'njù ou lé',time,beginner,True,simple-eng-med.xlsx,Sheet1,770,needs_review,2,
now,Now,Ndonni,time,beginner,True,simple-eng-med.xlsx,Sheet1,597,needs_review,1,
one_day,One day,Tàʼ léʼndjù,time,beginner,True,simple-eng-med.xlsx,Sheet1,611,needs_review,2,
right_now,Right now,Yub ndonni,time,beginner,True,simple-eng-med.xlsx,Sheet1,598,needs_review,2,
the_day,The day,Le',time,beginner,True,simple-eng-med.xlsx,Sheet1,610,needs_review,2,
the_night,The night,Tèttswe’,time,beginner,True,simple-eng-med.xlsx,Sheet1,739,needs_review,2,
today,Today,Sènni,time,beginner,True,simple-eng-med.xlsx,Sheet1,591,needs_review,1,
tomorrow,Tomorrow,ndamnjù,time,beginner,True,simple-eng-med.xlsx,Sheet1,593,needs_review,1,
yesterday,Yesterday,Nkog,time,beginner,True,simple-eng-med.xlsx,Sheet1,592,needs_review,1,
be_honest,Be honest.,Be mèn nenùne.,values_communication,beginner_plus,True,simple-eng-med.xlsx,Sheet1,172,needs_review,2,
don_t_forget,Don't forget,Kâ ndagde,values_communication,beginner_plus,True,simple-eng-med.xlsx,Sheet1,501,needs_review,2,
don_t_listen,Don't listen,Ka ju,values_communication,beginner_plus,True,simple-eng-med.xlsx,Sheet1,402,needs_review,2,
don_t_say,Don't say,Ka cob,values_communication,beginner_plus,True,simple-eng-med.xlsx,Sheet1,468,needs_review,2,
don_t_tell_him,Don't tell him,Ka Tshob yi,values_communication,beginner_plus,True,simple-eng-med.xlsx,Sheet1,401,needs_review,3,
don_t_tell_him,Don't tell him,Ka côb yi,values_communication,beginner_plus,True,simple-eng-med.xlsx,Sheet1,469,needs_review,3,
help_me_please,Help me please,Ywi mtè am Netshoʼo,values_communication,beginner_plus,True,simple-eng-med.xlsx,Sheet1,416,needs_review,3,
it_s_not_good,It's not good,A kê' bwo,values_communication,beginner_plus,True,simple-eng-med.xlsx,Sheet1,709,needs_review,3,
listen,Listen,Ju',values_communication,beginner_plus,True,simple-eng-med.xlsx,Sheet1,399,needs_review,1,
listen_to_me,Listen to me,Ju' am,values_communication,beginner_plus,True,simple-eng-med.xlsx,Sheet1,404,needs_review,3,
not_good,Not good,Kè bwo,values_communication,beginner_plus,True,simple-eng-med.xlsx,Sheet1,708,needs_review,2,
talk,Talk,Ntshobe,values_communication,beginner_plus,True,simple-eng-med.xlsx,Sheet1,398,needs_review,1,
tell_him,Tell him,Tshob yi,values_communication,beginner_plus,True,simple-eng-med.xlsx,Sheet1,233,needs_review,2,
tell_me,Tell me,Tshob me,values_communication,beginner_plus,True,simple-eng-med.xlsx,Sheet1,400,needs_review,2,
that_s_good,That's good,A bwô,values_communication,beginner_plus,True,simple-eng-med.xlsx,Sheet1,391,needs_review,2,
those_people_talk_very_fast,Those people talk very fast,Tshen benntùn nà num ntshobte njoñ léʼ fa,values_communication,beginner_plus,True,simple-eng-med.xlsx,Sheet1,254,needs_review,5,
it_is_cold,It is cold,A fi,weather_nature,beginner,True,simple-eng-med.xlsx,Sheet1,743,needs_review,3,
it_is_hot,It is hot,A dumde,weather_nature,beginner,True,simple-eng-med.xlsx,Sheet1,673,needs_review,3,
it_is_hot,It is hot,A dumde,weather_nature,beginner,True,simple-eng-med.xlsx,Sheet1,742,needs_review,3,
it_s_raining,It's raining,Mbañ tshwèt ndo,weather_nature,beginner,True,simple-eng-med.xlsx,Sheet1,705,needs_review,2,
it_s_sunny,It's sunny,Nyam tshwèt nta,weather_nature,beginner,True,simple-eng-med.xlsx,Sheet1,706,needs_review,2,
the_rain,The rain,Mbañ,weather_nature,beginner,True,simple-eng-med.xlsx,Sheet1,741,needs_review,2,
the_sun,The sun,Nyam,weather_nature,beginner,True,simple-eng-med.xlsx,Sheet1,740,needs_review,2,
the_sun_is_rising,The sun is rising,Nyàm Tshwèt ntume,weather_nature,beginner,True,simple-eng-med.xlsx,Sheet1,249,needs_review,4,
do_not_be_anxious,Do not be anxious.,Ka nywin num sàm ju.,actions,beginner,False,simple-eng-med.xlsx,Sheet1,147,needs_review,4,
walk_on_the_road_to_life,Walk on the road to life.,Zin num manze yôg matmat.,actions,beginner,False,simple-eng-med.xlsx,Sheet1,188,needs_review,6,
close,Close,Loge,app_ui,ui,False,simple-eng-med.xlsx,Sheet1,338,needs_review,1,
love_teach_and_protect_your_children,"Love, teach, and protect your children.","Kô, tswide, mbèn tshètte bon tsho.",family_people,beginner,False,simple-eng-med.xlsx,Sheet1,159,needs_review,6,
a,A,Tà,general,review,False,simple-eng-med.xlsx,Sheet1,555,needs_review,1,
a_human_being,A human being,Mè nntù n,general,review,False,simple-eng-med.xlsx,Sheet1,536,needs_review,3,
a_man,A man,mandum,general,review,False,simple-eng-med.xlsx,Sheet1,308,needs_review,2,
a_place,A place,dùʼ,general,review,False,simple-eng-med.xlsx,Sheet1,666,needs_review,2,
applaud,Applaud,Bu' mbu,general,review,False,simple-eng-med.xlsx,Sheet1,324,needs_review,1,
april,april,num ngu',general,review,False,simple-eng-med.xlsx,Sheet1,775,needs_review,1,
attacking,Attacking,Le' ntsho,general,review,False,simple-eng-med.xlsx,Sheet1,716,needs_review,1,
be_merciful_and_forgiving,Be merciful and forgiving.,Ghù kondèn mbèn lèn ne lagde mfànnu.,general,review,False,simple-eng-med.xlsx,Sheet1,173,needs_review,4,
bitter,Bitter,Zwentù,general,review,False,simple-eng-med.xlsx,Sheet1,396,needs_review,1,
buy,Buy,Jun,general,review,False,simple-eng-med.xlsx,Sheet1,657,needs_review,1,
continue,Continue,Nèn yi mbwe,general,review,False,simple-eng-med.xlsx,Sheet1,632,needs_review,1,
danse,Danse,Nya nsa,general,review,False,simple-eng-med.xlsx,Sheet1,523,needs_review,1,
each_one,Each one,Mba we lo,general,review,False,simple-eng-med.xlsx,Sheet1,606,needs_review,2,
embrace_me,Embrace me,Tsiag am,general,review,False,simple-eng-med.xlsx,Sheet1,694,needs_review,2,
enter,Enter,Co,general,review,False,simple-eng-med.xlsx,Sheet1,679,needs_review,1,
everybody,Everybody,Njoñ benntùn fa,general,review,False,simple-eng-med.xlsx,Sheet1,603,needs_review,1,
famine,Famine,nziku',general,review,False,simple-eng-med.xlsx,Sheet1,680,needs_review,1,
fire,Fire,Mbwog,general,review,False,simple-eng-med.xlsx,Sheet1,682,needs_review,1,
get_out,Get out,Tume,general,review,False,simple-eng-med.xlsx,Sheet1,337,needs_review,2,
get_out,Get out,Nèn,general,review,False,simple-eng-med.xlsx,Sheet1,669,needs_review,2,
get_out,Get out,shua,general,review,False,simple-eng-med.xlsx,Sheet1,672,needs_review,2,
greet_me,Greet me,Tsha’de am,general,review,False,simple-eng-med.xlsx,Sheet1,693,needs_review,2,
happiness,Happiness,Tsia ntè,general,review,False,simple-eng-med.xlsx,Sheet1,530,needs_review,1,
he_has_toys,he has toys,a ghù jûsa,general,review,False,simple-eng-med.xlsx,Sheet1,456,needs_review,3,
he_is_not_the_one,He is not the one,A ke yi,general,review,False,simple-eng-med.xlsx,Sheet1,545,needs_review,5,
he_is_not_the_one,He is not the one,A kê' bʼa yi,general,review,False,simple-eng-med.xlsx,Sheet1,546,needs_review,5,
he_is_the_one,He is the one,A yi,general,review,False,simple-eng-med.xlsx,Sheet1,543,needs_review,4,
he_is_the_one,He is the one,A bʼa yi,general,review,False,simple-eng-med.xlsx,Sheet1,544,needs_review,4,
hit,hit,Nè là be,general,review,False,simple-eng-med.xlsx,Sheet1,533,needs_review,1,
i_am_find,I am find,A fit se,general,review,False,simple-eng-med.xlsx,Sheet1,577,needs_review,3,
i_am_poor,I am poor,Me bʼa mbwon,general,review,False,simple-eng-med.xlsx,Sheet1,652,needs_review,3,
i_am_rich,I am rich,Me bʼa ngà nkàb,general,review,False,simple-eng-med.xlsx,Sheet1,651,needs_review,3,
i_did_not_get_it_well,I did not get it well,Mè kê' ju' mè bwo,general,review,False,simple-eng-med.xlsx,Sheet1,752,needs_review,6,
i_did_not_see,I did not see,Mè kê' yen,general,review,False,simple-eng-med.xlsx,Sheet1,538,needs_review,4,
i_have,I have,Me ghù,general,review,False,simple-eng-med.xlsx,Sheet1,453,needs_review,2,
i_have_a_toy,I have a toy,Me ghù jûsa,general,review,False,simple-eng-med.xlsx,Sheet1,455,needs_review,4,
i_rejected,I rejected,Me gha,general,review,False,simple-eng-med.xlsx,Sheet1,600,needs_review,2,
i_saw,I saw,Me yen,general,review,False,simple-eng-med.xlsx,Sheet1,537,needs_review,2,
i_sing_song,I sing song,Mè yob â kwi,general,review,False,simple-eng-med.xlsx,Sheet1,520,needs_review,3,
if_not,If not,Nyakè la,general,review,False,simple-eng-med.xlsx,Sheet1,707,needs_review,2,
it_is_bitter,It is bitter,A zwentù,general,review,False,simple-eng-med.xlsx,Sheet1,397,needs_review,3,
it_is_finish,It is finish,A mi,general,review,False,simple-eng-med.xlsx,Sheet1,643,needs_review,3,
it_is_like_that,It is like that,A nduâ,general,review,False,simple-eng-med.xlsx,Sheet1,372,needs_review,4,
it_is_like_that,It is like that,A bʼa nduâ,general,review,False,simple-eng-med.xlsx,Sheet1,373,needs_review,4,
it_is_like_that,It is like that,A bʼa ndulala,general,review,False,simple-eng-med.xlsx,Sheet1,374,needs_review,4,
it_is_not_like_that,It is not like that,A kê bʼa ndu lâ,general,review,False,simple-eng-med.xlsx,Sheet1,571,needs_review,5,
it_is_sweet,It is sweet,A dùmde,general,review,False,simple-eng-med.xlsx,Sheet1,395,needs_review,3,
it_s_burning,It's burning,A tshwèt nku,general,review,False,simple-eng-med.xlsx,Sheet1,678,needs_review,2,
it_s_me,It's me,A me,general,review,False,simple-eng-med.xlsx,Sheet1,281,needs_review,2,
it_s_me,It's me,A bʼa me,general,review,False,simple-eng-med.xlsx,Sheet1,282,needs_review,2,
it_s_ugly,It's ugly,A bag,general,review,False,simple-eng-med.xlsx,Sheet1,710,needs_review,2,
it_s_very_ugly,It's very ugly,A bâg ta',general,review,False,simple-eng-med.xlsx,Sheet1,711,needs_review,3,
it_stinks,It stinks,A tshwèt ndâme,general,review,False,simple-eng-med.xlsx,Sheet1,464,needs_review,2,
keep_morally_clean,Keep morally clean.,Tswe nelàne ntùm mal o.,general,review,False,simple-eng-med.xlsx,Sheet1,158,needs_review,3,
launch,Launch,Mà'a,general,review,False,simple-eng-med.xlsx,Sheet1,322,needs_review,1,
let,Let,Fane,general,review,False,simple-eng-med.xlsx,Sheet1,460,needs_review,1,
light,Light,Mbwog,general,review,False,simple-eng-med.xlsx,Sheet1,681,needs_review,1,
look,Look,Lôde,general,review,False,simple-eng-med.xlsx,Sheet1,419,needs_review,1,
look,Look,Yene,general,review,False,simple-eng-med.xlsx,Sheet1,420,needs_review,1,
look,Look,Lôde,general,review,False,simple-eng-med.xlsx,Sheet1,757,needs_review,1,
look_at_that_very_nice_car,Look at that very nice car,Lôde yen mbwô yañba' là,general,review,False,simple-eng-med.xlsx,Sheet1,255,needs_review,6,
make_break,make break,Fite,general,review,False,simple-eng-med.xlsx,Sheet1,6,needs_review,2,
man,Man,Mandum,general,review,False,simple-eng-med.xlsx,Sheet1,307,needs_review,1,
manta_is_teasing_me,Manta is teasing me,Manta tshwèt njag àm ntsha,general,review,False,simple-eng-med.xlsx,Sheet1,718,needs_review,4,
may_be,May be,Môndu,general,review,False,simple-eng-med.xlsx,Sheet1,371,needs_review,2,
money,Money,nkàb,general,review,False,simple-eng-med.xlsx,Sheet1,649,needs_review,1,
my_name,My name,Lén sam,general,review,False,simple-eng-med.xlsx,Sheet1,503,needs_review,2,
my_name_is,My name is,Lén sam bʼa,general,review,False,simple-eng-med.xlsx,Sheet1,504,needs_review,3,
my_shoes,My shoes,Nketo'o mam,general,review,False,simple-eng-med.xlsx,Sheet1,475,needs_review,2,
no,No,Nga,general,review,False,simple-eng-med.xlsx,Sheet1,263,needs_review,1,
no_one,No one,Sàm mèn,general,review,False,simple-eng-med.xlsx,Sheet1,604,needs_review,2,
nobody,Nobody,Sàm mèn,general,review,False,simple-eng-med.xlsx,Sheet1,605,needs_review,1,
nothing,Nothing,Sàm nu,general,review,False,simple-eng-med.xlsx,Sheet1,607,needs_review,1,
peace,Peace,Fitè,general,review,False,simple-eng-med.xlsx,Sheet1,529,needs_review,1,
persevere,Persevere,Tun mbu,general,review,False,simple-eng-med.xlsx,Sheet1,633,needs_review,1,
reject,Reject,Nè gha,general,review,False,simple-eng-med.xlsx,Sheet1,599,needs_review,1,
see,See,Yen,general,review,False,simple-eng-med.xlsx,Sheet1,285,needs_review,1,
sell,Sell,Swène,general,review,False,simple-eng-med.xlsx,Sheet1,660,needs_review,1,
she_has_toys,she has toys,a ghù jûsa,general,review,False,simple-eng-med.xlsx,Sheet1,457,needs_review,3,
she_said_nothing,She said nothing,A kê cob sa ju,general,review,False,simple-eng-med.xlsx,Sheet1,602,needs_review,3,
shoes,Shoes,Nketo'o,general,review,False,simple-eng-med.xlsx,Sheet1,319,needs_review,1,
shout,Shout,To,general,review,False,simple-eng-med.xlsx,Sheet1,524,needs_review,1,
someone,Someone,Ta' mènntùn,general,review,False,simple-eng-med.xlsx,Sheet1,609,needs_review,1,
something,Something,Taʼ ju,general,review,False,simple-eng-med.xlsx,Sheet1,608,needs_review,1,
special_biblical_discourse,Special biblical discourse,Tumlam tu ntshobe,general,review,False,simple-eng-med.xlsx,Sheet1,9,needs_review,3,
stop,Stop,Tsine,general,review,False,simple-eng-med.xlsx,Sheet1,634,needs_review,1,
sweet,Sweet,Dùmde,general,review,False,simple-eng-med.xlsx,Sheet1,394,needs_review,1,
teasing,Teasing,Nè ka ntsha,general,review,False,simple-eng-med.xlsx,Sheet1,717,needs_review,1,
that_s_fine,That's fine,A bwô,general,review,False,simple-eng-med.xlsx,Sheet1,392,needs_review,2,
the_ancestors,The ancestors,Mân gudnze',general,review,False,simple-eng-med.xlsx,Sheet1,590,needs_review,2,
the_hat,The hat,Cè,general,review,False,simple-eng-med.xlsx,Sheet1,320,needs_review,2,
the_name,The name,Lén,general,review,False,simple-eng-med.xlsx,Sheet1,502,needs_review,2,
the_toy,The toy,Jûsa,general,review,False,simple-eng-med.xlsx,Sheet1,454,needs_review,2,
turn_around,Turn around,Kañ wulo,general,review,False,simple-eng-med.xlsx,Sheet1,736,needs_review,2,
turn_off_the_light,Turn off the light,Biag mbwog,general,review,False,simple-eng-med.xlsx,Sheet1,684,needs_review,4,
turn_on_the_light,Turn on the light,Te mbwog,general,review,False,simple-eng-med.xlsx,Sheet1,683,needs_review,4,
wait,Wait,Bébe,general,review,False,simple-eng-med.xlsx,Sheet1,635,needs_review,1,
wait_for_me,Wait for me,Bébe am,general,review,False,simple-eng-med.xlsx,Sheet1,636,needs_review,3,
with,With,Bô,general,review,False,simple-eng-med.xlsx,Sheet1,617,needs_review,1,
yes,yes,Ñ,general,review,False,simple-eng-med.xlsx,Sheet1,262,needs_review,1,
you_are_invited,You are invited,Bag tshwèt ntsiañ zine,general,review,False,simple-eng-med.xlsx,Sheet1,772,needs_review,3,
you_are_provoking_me,You are provoking me,O tshwèt njag àm ntsha,general,review,False,simple-eng-med.xlsx,Sheet1,719,needs_review,4,
you_are_very_turbulent,You are very turbulent,O bûm t a',general,review,False,simple-eng-med.xlsx,Sheet1,564,needs_review,4,
you_provoke_me,You provoke me,O tshwèt njag àm ntsha,general,review,False,simple-eng-med.xlsx,Sheet1,720,needs_review,3,
i_am_cured,I am cured,Me yade,health_hygiene,beginner_plus,False,simple-eng-med.xlsx,Sheet1,7,needs_review,3,
repent_and_be_forgiven,Repent and be forgiven.,"Kañ ntù o, Nsi lagde nukebwô tsho.",learning,beginner_plus,False,simple-eng-med.xlsx,Sheet1,187,needs_review,4,
avoid_what_is_bad,Avoid what is bad.,Ghuàʼ nukebwô.,questions,beginner,False,simple-eng-med.xlsx,Sheet1,161,needs_review,4,
people_everywhere_are_listening,People everywhere are listening.,"Ntùm njoñ njù fa, benntùn be njuʼ ntshu Nsi.",questions,beginner,False,simple-eng-med.xlsx,Sheet1,39,needs_review,4,
whatever_you_want,"Whatever you want,","Mba ke lo zʼo tshwèt nkô là,",questions,beginner,False,simple-eng-med.xlsx,Sheet1,2,needs_review,3,
she_did_not_say_anything,she did not say anything,A kê cob sa ju,values_communication,beginner_plus,False,simple-eng-med.xlsx,Sheet1,4,needs_review,5,
