story_segment_id,story_key,order_index,en_text,fr_text,med_text,source_file,source_sheet,source_row,status,notes
ss_00001,young_man_and_lion,1,,Le jeune homme et le lion.,Ta’ nguan nshum bo ngwayit,frabcaise_3.xlsx,Sheet1,2,needs_review,Clean French-Médumba aligned row from spreadsheet.
ss_00002,young_man_and_lion,2,,Il était une fois un jeune citadin qui n’avait jamais quitté sa ville.,"A na’ mbe ta’ lé’, ta’ nguan nshum z’a na’ ke to’ tum ze tùsô nèn dù’ ghuà là.",frabcaise_3.xlsx,Sheet1,3,needs_review,Clean French-Médumba aligned row from spreadsheet.
ss_00003,young_man_and_lion,3,,"Il décida un jour de visiter le village de ses ancêtres, un petit village perdu dans la campagne, situé près d’une grande forêt.","A lo’ mfi’ ta’ lé nenèn ntùm ntañla’ tà tse, ta’ meto’ tañla’ ngùanesà mbañ ta’ fèn ndùb.",frabcaise_3.xlsx,Sheet1,4,needs_review,Clean French-Médumba aligned row from spreadsheet.
ss_00004,young_man_and_lion,4,,"Dans cette forêt, il y avait beaucoup d’animaux sauvages et surtout des lions.","Nyàm tshwèt na’ yàm ntùm sen fèn nà, là ngwayit mbèn njàm ntshùade.",frabcaise_3.xlsx,Sheet1,5,needs_review,Clean French-Médumba aligned row from spreadsheet.
ss_00005,young_man_and_lion,5,,"Le jeune homme n’avait jamais vu de lion ni à la télévision, ni en photos.","Yen nguan nshum nà na’ ke to’ yen ngwayit ke ntùm ngùayen no, ke num netshañ no.",frabcaise_3.xlsx,Sheet1,6,needs_review,Clean French-Médumba aligned row from spreadsheet.
ss_00006,young_man_and_lion,6,,Il faut dire que ces produits de la modernité n’étaient pas connus dans ces temps-là chez nous.,"A bwô netshob mbe, num tshen ngelañ nà bag na’ ke to’ yen tshen tshu nswe là la’ bag.",frabcaise_3.xlsx,Sheet1,7,needs_review,Clean French-Médumba aligned row from spreadsheet.
ss_00007,young_man_and_lion,7,,"Les gens de ce village n’allaient jamais dans la forêt, à cause des lions.","Mba ngwayit na’ mbe ntùm mfèn nà, Benntùn yen tañla’ là na’ ke be nèn mà bwe.",frabcaise_3.xlsx,Sheet1,8,needs_review,Clean French-Médumba aligned row from spreadsheet.
ss_00008,young_man_and_lion,8,,"On raconte même que, quand les lions rugissaient dans la forêt, les portes des maisons claquaient, les canaris et les marmites se renversaient et tous les gens se terraient dans leur maison.","Bo tshwèt mbèn ntshob mbe, ngelañ ba ngwayit na’ nke nkua’ ntùm mfèn nà, ba nzendà nke nga’de mbèn nke ndôge, ba ntu’ boa ba mba nke ngwùde nsi, mba zit mèn no lem wul i ndà i.",frabcaise_3.xlsx,Sheet1,9,needs_review,Clean French-Médumba aligned row from spreadsheet.
ss_00009,young_man_and_lion,9,,"Un beau matin, donc, le jeune citadin qui s’appelait Demba débarqua dans le village de ses ancêtres et fait vite connaissance avec tout le monde, et surtout avec Fatou, une belle jeune fille qui était une de ses cousines lointaines.","Ta’ bam nkebnjù, yen nguan nshum nà z’a nke ntswe tùsô là lén se Demba se’ ntùm ntañla’ tà tse. A to’de nekut kushun bo njoñ benntùn fa, njôg mbe bo Fatou, ta’ mo’ mbwô ngon. A na’ mb’a mèn mo’ mvèt tàb ke mab lo.",frabcaise_3.xlsx,Sheet1,10,needs_review,Clean French-Médumba aligned row from spreadsheet.
ss_00010,young_man_and_lion,10,,"Les fiançailles ne durèrent pas longtemps, car ils décidèrent de se marier. Après quelques jours de noces, Demba retourna en ville.","Bo tede ke tswe, ndo’ mfi’ nenandà. Bo nyiañ nandà men lé’ a mi, Demba bèn tùsô.",frabcaise_3.xlsx,Sheet1,11,needs_review,Clean French-Médumba aligned row from spreadsheet.
ss_00011,young_man_and_lion,11,,"Une année plus tard, il décida de retourner au village pour s’y installer définitivement avec Fatou et leur enfant.","Tamngu’ tôg, a lo’ mfi’ nebèn mbèn ntùm ntañla’ tà tse tswe bwe yoñ ntshù’ bo Fatou ngù mèn yub.",frabcaise_3.xlsx,Sheet1,12,needs_review,Clean French-Médumba aligned row from spreadsheet.
ss_00012,young_man_and_lion,12,,"Pour marquer sa venue et montrer sa bravoure, il proposa à sa femme une promenade dans la forêt. Cette dernière, surprise, lui dit :","Num nela’de mbe a se’e mbèn nda’de ze tànntù, a tshob nzwi i mbe bo nèn katte ntùm mfèn. Nzwi i tshàm, ntshob yi ndù :",frabcaise_3.xlsx,Sheet1,13,needs_review,Clean French-Médumba aligned row from spreadsheet.
ss_00013,young_man_and_lion,13,,"- Mais tu es fou, tu veux que les lions nous dévorent tous les deux !",O b’a mbàbun ké? O tshwèt ndiag mbe ba ngwayit fèt yag ben bàa ké?,frabcaise_3.xlsx,Sheet1,14,needs_review,Clean French-Médumba aligned row from spreadsheet.
ss_00014,young_man_and_lion,14,,"=- tu vas voir que moi je suis un homme, je ne suis pas comme les poltrons de chez vous.","Oa’ yen mbe me b’a ta’ mandum, me ke’ b’a mba ba mbwôgtùn tse bo be la’ bin nà.",frabcaise_3.xlsx,Sheet1,15,needs_review,Clean French-Médumba aligned row from spreadsheet.
ss_00015,young_man_and_lion,15,,Suis-moi et amène avec toi notre fils ! dit Demba.,Demba tshob ndù: lo’ mèn ntam njam àm!,frabcaise_3.xlsx,Sheet1,16,needs_review,Clean French-Médumba aligned row from spreadsheet.
ss_00016,young_man_and_lion,16,,"La mort dans l’âme, Fatou obéit à son époux.","Ke kô nkô, Fatou ju’ ntshu ndu i",frabcaise_3.xlsx,Sheet1,17,needs_review,Clean French-Médumba aligned row from spreadsheet.
ss_00017,young_man_and_lion,17,,"Arrivé à l’orée de la forêt, soudain, un chacal sortit d’une touffe d’herbes et fla devant eux. Demba se mit à crier :","Bo kum mba bo tu ntùm mfèn nà, bo be tshù ta’ mbù tshwèt tum ntùm nena ñwag mbwe bo. Demba tô ntshob ndù :",frabcaise_3.xlsx,Sheet1,18,needs_review,Clean French-Médumba aligned row from spreadsheet.
ss_00018,young_man_and_lion,18,,"=- Ah, Ah tu vois, les lions, quand ils me voient, ils détalent.",Ah ah o yen ké? Ngelañ ba ngwayit num njen àm nà bo kù ke lôde njam.,frabcaise_3.xlsx,Sheet1,19,needs_review,Clean French-Médumba aligned row from spreadsheet.
ss_00019,young_man_and_lion,19,,"=- Mais ce n’est pas un lion, dit Fatou.",Fatou tshob ndù : a ke’ b’a ngwayit là.,frabcaise_3.xlsx,Sheet1,20,needs_review,Clean French-Médumba aligned row from spreadsheet.
ss_00020,young_man_and_lion,20,,- C’est quoi ? demanda Demba.,Demba bètt’é ndù : k’a b’a ke?,frabcaise_3.xlsx,Sheet1,21,needs_review,Clean French-Médumba aligned row from spreadsheet.
ss_00021,young_man_and_lion,21,,"- C’est un chacal, répondit Fatou.",Fatou tshob ndù : a b’a ta’ mbù tshwèt,frabcaise_3.xlsx,Sheet1,22,needs_review,Clean French-Médumba aligned row from spreadsheet.
ss_00022,young_man_and_lion,22,,"- Qu’importe, dit Demba, tu vas voir!","Demba tshob ndù : a be mba ke lo, oa’ yene!",frabcaise_3.xlsx,Sheet1,23,needs_review,Clean French-Médumba aligned row from spreadsheet.
ss_00023,young_man_and_lion,23,,"Quelques moments après, ce fut au tour d’une hyène de détaler devant eux. Demba sauta et dit: Men ngelañ be tôge, ta’ mbù kù ntôg mbwe bo. Demba bwôg, a tshob ndù :","Men ngelañ be tôge, ta’ mbù kù ntôg mbwe bo. Demba bwôg, a tshob ndù :",frabcaise_3.xlsx,Sheet1,24,needs_review,Clean French-Médumba aligned row from spreadsheet.
ss_00024,young_man_and_lion,24,,"- Ce n’est pas un chacal ! C’est un lion, il est plus grand !","A ke’ b’a mbù tshwèt! a b’a ta’ ngwayit, a gwu’ ntshùa zemo’!",frabcaise_3.xlsx,Sheet1,25,needs_review,Clean French-Médumba aligned row from spreadsheet.
ss_00025,young_man_and_lion,25,,"=- Doucement, dit Fatou, ce n’est qu’une hyène.","Biag wul o, a b’a nda’ ta’ mbù.",frabcaise_3.xlsx,Sheet1,26,needs_review,Clean French-Médumba aligned row from spreadsheet.
ss_00026,young_man_and_lion,26,,"Après avoir longuement marché sans voir de lion, Demba proposa à sa femme de se reposer à l’ombre d’un acacia.","Bo zin ngelañ yàm ke yen ta’ ngwayit, là Demba tshob nzwi i mbe bo tswe tun tù acacia mfide.",frabcaise_3.xlsx,Sheet1,27,needs_review,Clean French-Médumba aligned row from spreadsheet.
ss_00027,young_man_and_lion,27,,Fatou aménagea de la place sur le sol pour son enfant qui commençait à dormir. Elle se coucha derrière l’enfant et Demba fatigué ft de même.,"Fatou nabte dù’ num tsha’ num nenô mèn i z’a na’ yà nke nzi là. A nô ze njam mèn, mba Demba nô ze ndù a yà bole.",frabcaise_3.xlsx,Sheet1,28,needs_review,Clean French-Médumba aligned row from spreadsheet.
ss_00028,young_man_and_lion,28,,"La brise et la fraîcheur de l'ombre aidant, ils s’endormirent tous.","Dù’ nefide bo netshañ tù bo nô tun bwe là ywimde yube, njoñ yub fa zi",frabcaise_3.xlsx,Sheet1,29,needs_review,Clean French-Médumba aligned row from spreadsheet.
ss_00029,young_man_and_lion,29,,"Pendant ce temps, un lion arriva et s’installa sous un arbre à quelques pas d’eux.","Yen ngelañ nà, ta’ ngwayit se’ ntswe tun ta’ tù mbañ bo.",frabcaise_3.xlsx,Sheet1,30,needs_review,Clean French-Médumba aligned row from spreadsheet.
ss_00030,young_man_and_lion,30,,Le bébé se réveilla le premier.,Mèn be mbwe mén nebam num miaglo.,frabcaise_3.xlsx,Sheet1,31,needs_review,Clean French-Médumba aligned row from spreadsheet.
ss_00031,young_man_and_lion,31,,"Il vit l’animal, à quatre pattes s’approcha de lui et commença à jouer avec sa queue. Fatou à son tour se réveilla et aperçut son enfant en train de jouer avec le lion !","A ye nyàm, nzin nku kua nkù’de mbañ i, nto’de neghù sa bo kun i. Fatou bam ze num miaglo, njen mèn nke ngù sa bo ngwayit!",frabcaise_3.xlsx,Sheet1,32,needs_review,Clean French-Médumba aligned row from spreadsheet.
ss_00032,young_man_and_lion,32,,Elle réveilla son mari et lui dit :,A bam ndu i num miaglo ntshob yi ndù :,frabcaise_3.xlsx,Sheet1,33,needs_review,Clean French-Médumba aligned row from spreadsheet.
ss_00033,young_man_and_lion,33,,"=- Notre enfant est en danger, il joue avec le lion.","Yôg mèn yag b’a ntùm nge’, a tshwèt ngù sa bo ngwayit.",frabcaise_3.xlsx,Sheet1,34,needs_review,Clean French-Médumba aligned row from spreadsheet.
ss_00034,young_man_and_lion,34,,"Demba se redressa, fixa l’animal et dit :","Demba bwù’ wul i, ndôde nyàm, ntshob ndù :",frabcaise_3.xlsx,Sheet1,35,needs_review,Clean French-Médumba aligned row from spreadsheet.
ss_00035,young_man_and_lion,35,,- C’est ça un lion ?,A b’a ngwayit li ké?,frabcaise_3.xlsx,Sheet1,36,needs_review,Clean French-Médumba aligned row from spreadsheet.
ss_00036,young_man_and_lion,36,,"- C’est ça même, répondit Fatou.","Fatou bùnde ndù, a b’a kua’ yi.",frabcaise_3.xlsx,Sheet1,37,needs_review,Clean French-Médumba aligned row from spreadsheet.
ss_00037,young_man_and_lion,37,,Aussitôt Demba commença à retrousser le bas de son pantalon. Fatou lui demanda alors :,Be ndùse Demba ko’ nku trôsi se. Fatou bètt’é ndù :,frabcaise_3.xlsx,Sheet1,38,needs_review,Clean French-Médumba aligned row from spreadsheet.
ss_00038,young_man_and_lion,38,,- Tu vas sauter sur lui ?,Oa’ gwù num i ké?,frabcaise_3.xlsx,Sheet1,39,needs_review,Clean French-Médumba aligned row from spreadsheet.
ss_00039,young_man_and_lion,39,,Demba fait non de la tête et retroussa les manches de sa chemise.,"Demba nyi’de tu i mbe nga, nko’ mbu tu nzwe i.",frabcaise_3.xlsx,Sheet1,40,needs_review,Clean French-Médumba aligned row from spreadsheet.
ss_00040,young_man_and_lion,40,,- Tu vas le frapper avec un bâton ? demanda à nouveau Fatou.,"Fatou bèn mbètte mbe, oa’ lab i bo kôg ké?",frabcaise_3.xlsx,Sheet1,41,needs_review,Clean French-Médumba aligned row from spreadsheet.
ss_00041,young_man_and_lion,41,,Il fait non de la tête et dit à Fatou :,"A nyi’de tu i mbe nga, ntshob Fatou ndù :",frabcaise_3.xlsx,Sheet1,42,needs_review,Clean French-Médumba aligned row from spreadsheet.
ss_00042,young_man_and_lion,42,,=- Donne-moi la main.,Fà bu o me.,frabcaise_3.xlsx,Sheet1,43,needs_review,Clean French-Médumba aligned row from spreadsheet.
ss_00043,young_man_and_lion,43,,- Tu vas fuir ? questionna Fatou,Fatou bètt’é ndù : oa’ kù ké?,frabcaise_3.xlsx,Sheet1,44,needs_review,Clean French-Médumba aligned row from spreadsheet.
ss_00044,young_man_and_lion,44,,"=- Oui, s’il plaît à Dieu, répondit Demba.","Demba bùnde ndù : ñ, a be z’a b’a ze nekô Nsi là.",frabcaise_3.xlsx,Sheet1,45,needs_review,Clean French-Médumba aligned row from spreadsheet.
ss_00045,young_man_and_lion,45,,- Et notre fils alors ? dit Fatou en pleurant.,Fatou kua’ ntshob yi ndù : ke nshum yag o?,frabcaise_3.xlsx,Sheet1,46,needs_review,Clean French-Médumba aligned row from spreadsheet.
ss_00046,young_man_and_lion,46,,"=- On en fera un autre, cria Demba qui avait déjà commencé à courir.","Demba to’de nekù nde, a tô mbùnde ndù : bag wù a’ bwe mo’o.",frabcaise_3.xlsx,Sheet1,47,needs_review,Clean French-Médumba aligned row from spreadsheet.
ss_00047,young_man_and_lion,47,,"Heureusement pour le bébé, ce n’était pas un lion mais une lionne, qui lui avait même donné un peu de son lait.","Ju netsiañde b’a mbe, a na’ ke b’a ta’ ngwayit ze mandum là ze mènnzwi, a fa mba bùn mèn.",frabcaise_3.xlsx,Sheet1,48,needs_review,Clean French-Médumba aligned row from spreadsheet.
ss_00048,young_man_and_lion,48,,Mon conte est fini ; celui qui respire le premier ira au paradis.,Yàm tshô mii; mbwe mèn z’a zwiag là a’ nèn paradis.,frabcaise_3.xlsx,Sheet1,49,needs_review,Clean French-Médumba aligned row from spreadsheet.
ss_00049,creation_and_proverb,49,,"Le sixième petit matin de la création, Papa Bondieu, accoudé au balcon du ciel, considérerait avec une certaine satisfaction les étoiles, innombrables loupiotes qui s'éteignent au lever du jour.","Bam nkebnjù lé’ ntôg mba bo nabte njoñ tshu fa là, baba Bondieu tswe mve kamànyam, ndôde njen nsa ntshu’ nsthu’ mba bo tshwèt nké’é, njù be làn bo biag, tsiañde dun ntù i.",frabcaise_3.xlsx,Sheet1,50,needs_review,Clean French-Médumba aligned row from spreadsheet.
ss_00050,creation_and_proverb,50,,"Papa Bondieu trouvait que tout cela était bon. Il baissa les yeux et admira les océans, les fleuves, les lacs qui regorgent de bêtes à écailles, de dauphins et autres mammifères colossaux et microscopiques.","Baba Bondieu lôde njoñ tshen tshu là fa njen mbe a bwô. A ben tu i nsi, ndôde dibantse, ta’ntse boa mfube ndù à dun ba nyàm tse bo ghù nga’ là, boa ba mà ndô ngontse ndùb mba tse meto’.",frabcaise_3.xlsx,Sheet1,51,needs_review,Clean French-Médumba aligned row from spreadsheet.
ss_00051,creation_and_proverb,51,,"Il admira de même, la terre toute égaillée de bêtes à cornes, de bêtes à poils gigantesques et minuscules. Il s'émerveilla de voir, dans les airs, quantité de bêtes à plumes de tout poil.","A lôde tsha’ njen mba à bwô là boa nyàm bo ghù ndô là, mba tse bo ghù nyañnyañ à yàm nà, mba tse bo ghù a nda’ meju i là. A tshàm neyen mba kamànyam dun nyàm tse bo ghù mfe nzenze là.",frabcaise_3.xlsx,Sheet1,52,needs_review,Clean French-Médumba aligned row from spreadsheet.
ss_00052,creation_and_proverb,52,,Papa Bondieu trouvait que tout cela était bon.,Baba Bondieu lôde njen mbe njoñ i fa bwô.,frabcaise_3.xlsx,Sheet1,53,needs_review,Clean French-Médumba aligned row from spreadsheet.
ss_00053,creation_and_proverb,53,,"Il décida alors de créer l'humanité. Il prit de l'argile et ft trois boules, deux petites pour deux têtes et une grosse pour un ventre. Avec un long boudin, il ft quatre bras et quatre jambes. Il rassembla le tout auquel il donna deux sexes, comme pour la vanille, et il posa cette créature androgyne sur le sol.","A lo’ mfi nenabte mènntùn nyiañtu. A lo’ tsha’ mbode nze tat, a lo’ bàa nabte tu bàa yi mbèn ndo’ ta’ i nabte bam se yi. A lo’ ta’ bote ju z’a sag là, nabte mbu yi kuà, mbèn nabte nku yi kuà. A tse’de njoñ i fa, a tum mènnzwi bo mandum a yab yub num nsitsha’.",frabcaise_3.xlsx,Sheet1,54,needs_review,Clean French-Médumba aligned row from spreadsheet.
ss_00054,creation_and_proverb,54,,"L'humanité fraîchement créée se mit à rouler à grand fracas, s'appuyant tantôt sur les mains tantôt sur les pieds. Papa Bondieu arrivait à supporter ce vacarme car il avait une grande capacité de concentration, mais la vitesse avec laquelle la créature androgyne se reproduisait le laissait pantois. Il était à craindre qu'au rythme où ça allait, il n'y aurait, d'ici peu, plus de place pour tout ce monde sur terre.","Mènntùn nyiañtu bo yôg nebom nà to’de nezin bam bame, ke num mbu mi ke num nku mi lo. Papa Bondieu fènnde yen tshu’de là nummbe a na’ ku’ni nete nkwade mi num ta’ ju ke lôde bag bag. Nda’ndù, mat nzwit mènntùn nyiañtu na’ nke ndo’ ndun nsitsha’ yi là ghù a tshàm. A na’ nke mbwôg mbe nzwit mènntùn nyiañtu nke nkwi’de à ndùlala mba me nda’nda’ dù’ ke bèn mbe num nsitsha’.",frabcaise_3.xlsx,Sheet1,55,needs_review,Clean French-Médumba aligned row from spreadsheet.
ss_00055,creation_and_proverb,55,,"Papa Bondieu ne fit ni une ni deux : il dégaina sa machette et..... raaaa, coupa son œuvre en deux moitiés.",Baba Bondieu ke bi ngelañ : a sô ñwi bà mi nkeb ju z’a na’ nabte là ngabte nze bàa.,frabcaise_3.xlsx,Sheet1,56,needs_review,Clean French-Médumba aligned row from spreadsheet.
ss_00056,creation_and_proverb,56,,"Pour la première fois, l'humanité divisée en mâle et femelle se retrouva debout sur ses pieds, et se mit aussitôt à courir, courir, courir. Où va-t-elle et, grand dieu, que cherche-t- elle ?","Num mbwe yoñ i, mènntùn nyiañtu ze bo ghabte mènnzwi bo mandum nà tsin tù num nku mi, nto’de nekù nde njoñ dù’ fa. A nèn à ya, nsi ndùb, a diag à ke?",frabcaise_3.xlsx,Sheet1,57,needs_review,Clean French-Médumba aligned row from spreadsheet.
ss_00057,creation_and_proverb,57,,Chacun cherche la moitié qu'on lui a enlevée. Beaucoup la cherchent encore. Il y a tant de monde sur terre que ce n'est pas chose facile de tomber sur la bonne moitié.,"Mba wù lo tshwèt ndiag mo’ fag i ze bo lo’ là. Mbwoñ yub tshwèt mbèn nke ndiage. Mba benntùn yàm num nsitsha’ là, a ke’ fiag nefon kua’ bag wul o ze ntun nà.",frabcaise_3.xlsx,Sheet1,58,needs_review,Clean French-Médumba aligned row from spreadsheet.
ss_00058,creation_and_proverb,58,,"Quand on se trompe, c'est la déveine, mais quand on la trouve, c'est le bonheur.","O fàn manze mboa’ yen nge’, nda’ndù o fon kua’ bag wul o ze ntùn, mba oa’ dun tsiañde.",frabcaise_3.xlsx,Sheet1,59,needs_review,Clean French-Médumba aligned row from spreadsheet.
ss_00059,creation_and_proverb,59,,Comme le dit le proverbe :,Ndañndañ mba tànkùt tshwèt ntshob là :,frabcaise_3.xlsx,Sheet1,60,needs_review,Clean French-Médumba aligned row from spreadsheet.
ss_00060,creation_and_proverb,60,,Papabondieu est le premier,Baba Bondieu b’a mbwe i,frabcaise_3.xlsx,Sheet1,61,needs_review,Clean French-Médumba aligned row from spreadsheet.
ss_00061,creation_and_proverb,61,,"L'homme le deuxième,","mènntùn nyiañtu be mbatte i,",frabcaise_3.xlsx,Sheet1,62,needs_review,Clean French-Médumba aligned row from spreadsheet.
ss_00062,creation_and_proverb,62,,Et le Lion le dernier.,Ngwayit be miagde.,frabcaise_3.xlsx,Sheet1,63,needs_review,Clean French-Médumba aligned row from spreadsheet.
ss_00063,creation_and_proverb,63,,"Un jour, Tigre croise l'Homme à la rivière et lui demande s'il croit que le proverbe dit la vérité.","A na’ mbe ta’ lé’, busi tshwèt bumde mènntùn nyiañtu mà ta’ntse, a bètt’é a be z’a kwade mbe tànkùt tshwèt ntshob à nenùn nà.",frabcaise_3.xlsx,Sheet1,64,needs_review,Clean French-Médumba aligned row from spreadsheet.
ss_00064,creation_and_proverb,64,,=- Permets-moi de grimper sur ce cocotier pour réfléchir Et te répondre.,"Tsin me ko’ num tù mba li, kà nsiañde mba me bùnde wù là.",frabcaise_3.xlsx,Sheet1,65,needs_review,Clean French-Médumba aligned row from spreadsheet.
ss_00065,creation_and_proverb,65,,"Lorsqu'il se retrouve très, très haut, sur la cime de l'arbre, l'homme crie à Tigre :","Ngelañ z’a ko’ kà nkum ta mve tù là, mènntùn nyiañtu tô mbùnde busi tshwèt ndù :",frabcaise_3.xlsx,Sheet1,66,needs_review,Clean French-Médumba aligned row from spreadsheet.
ss_00066,creation_and_proverb,66,,- Le proverbe dit la vérité :,Tànkùt tshwèt ntshob à nenùne :,frabcaise_3.xlsx,Sheet1,67,needs_review,Clean French-Médumba aligned row from spreadsheet.
ss_00067,creation_and_proverb,67,,Papabondieu est le premier,Baba Bondieu b’a mbwe i,frabcaise_3.xlsx,Sheet1,68,needs_review,Clean French-Médumba aligned row from spreadsheet.
ss_00068,creation_and_proverb,68,,L'homme le deuxième,mènntùn nyiañtu be mbatte i,frabcaise_3.xlsx,Sheet1,69,needs_review,Clean French-Médumba aligned row from spreadsheet.
ss_00069,creation_and_proverb,69,,Et le Tigre le dernier.,Busi tshwèt be miagde i.,frabcaise_3.xlsx,Sheet1,70,needs_review,Clean French-Médumba aligned row from spreadsheet.
ss_00070,creation_and_proverb,70,,"Tigre grogne, rugit et siffle longuement pour rameuter ses frères qui accourent aussitôt en rangs serrés.","Busi tshwèt kua’, ntô ngelañ yàm num netsiañ fèt tse. Bo kù nde ntsin nka.",frabcaise_3.xlsx,Sheet1,71,needs_review,Clean French-Médumba aligned row from spreadsheet.
ss_00071,creation_and_proverb,71,,- L'homme qui est dans ce cocotier prétend que :,Mènntùn nyiañtu z’a be num tu mba li là tshwèt ntshob mbe :,frabcaise_3.xlsx,Sheet1,72,needs_review,Clean French-Médumba aligned row from spreadsheet.
ss_00072,creation_and_proverb,72,,Papabondieu est le premier,Baba Bondieu b’a mbwe i,frabcaise_3.xlsx,Sheet1,73,needs_review,Clean French-Médumba aligned row from spreadsheet.
ss_00073,creation_and_proverb,73,,L'homme le deuxième,Mènntùn nyiañtu be mbatte i,frabcaise_3.xlsx,Sheet1,74,needs_review,Clean French-Médumba aligned row from spreadsheet.
ss_00074,creation_and_proverb,74,,Et le Tigre le dernier.,Busi tshwèt be miagde i.,frabcaise_3.xlsx,Sheet1,75,needs_review,Clean French-Médumba aligned row from spreadsheet.
ss_00075,creation_and_proverb,75,,"- Mensonge, rétorquent les Tigres qui ceinturent l'arbre, lui labourent le tronc avec leurs griffes, le secouent sans pour autant arriver à y grimper.","Ba busi tswhèt tse bo bum tù mba ndiañ là bùnde mbe a b’a tatte. Bo lo’ nkib mub nkua num ntù, nyi’de tù nda’ndù bo ke ku’ni neko’o.",frabcaise_3.xlsx,Sheet1,76,needs_review,Clean French-Médumba aligned row from spreadsheet.
ss_00076,creation_and_proverb,76,,"Du haut du cocotier, l'homme regarde la scène avec un sourire narquois.","Mènntùn nyiañtu tswe num tù, ndôde mba bo nke ngù là nzwi yube.",frabcaise_3.xlsx,Sheet1,77,needs_review,Clean French-Médumba aligned row from spreadsheet.
ss_00077,creation_and_proverb,77,,"- Nous ferons la courte échelle, s'écrie Tigre, et avec nos corps nous élèverons une tour assez haute pour que le dernier d'entre nous puisse faire tomber l'homme de son perchoir. Tigre ne sera jamais le dernier!","Ta’ busi tshwèt tô ntshob ndù : bag a’ nabte tùko’, nabte ta’ nesà ba’ boa wut yag, mba wù lo ko’ num mvèl i kà miagde mèn z’a ko’ là tèn mènntùn nyiañtu num dù’ z’a ghet là.",frabcaise_3.xlsx,Sheet1,78,needs_review,Clean French-Médumba aligned row from spreadsheet.
ss_00078,creation_and_proverb,78,,"Et c'est ce que les tigres frent avec entrain et détermination. Les vieux et les moins vieux consolidèrent la base, les adultes et les jeunes grimpèrent au sommet de l'échelle. C'est alors que l'homme, perché sur la cime qu'avait atteint le plus jeune des tigres, se pencha et lui glissa à l'oreille, assez fort pour qu'on l'entende :","Bo fiag wut, ba busi tswhèt ghù ndañndañ mba bo nabte là. Tse bo ywèn nà tswe mà tun, tse ngu’njù sub na’ ntènde là boa ghuan benntùn ko’ num tùko’ kà kum ta mve tù. Tù’nyam njoñ tshen busi tshwèt là fa ko’ kà kum dù’ mènntùn nyiañtu be là. A ben wul i, ntshob yi bo neta nze mba njoñ yub fa wù ju’ i mebwô là ndù:",frabcaise_3.xlsx,Sheet1,79,needs_review,Clean French-Médumba aligned row from spreadsheet.
ss_00079,creation_and_proverb,79,,"- Si tu bouges d'une semelle, je te coupe la tête avec mon couteau.","O na’ nyi’de mba nda’ metsili, mba m’a’ keb tu o bo bi sam.",frabcaise_3.xlsx,Sheet1,80,needs_review,Clean French-Médumba aligned row from spreadsheet.
ss_00080,creation_and_proverb,80,,"En entendant la menace faite à son petit, la mère du jeune tigre qui se trouvait au milieu de la tour, rugit de terreur.","Mà yen busi tshwèt là tswe netèt nesà ba’ bo nabte bo wut yub là, nju’ mba bo tshwèt mfa’de mèn i là, a tô ndù",frabcaise_3.xlsx,Sheet1,81,needs_review,Clean French-Médumba aligned row from spreadsheet.
ss_00081,creation_and_proverb,81,,- Yooowwwwwwwwwwwwwwwww !,Yooowwwwwwwwwwwwwwwww !,frabcaise_3.xlsx,Sheet1,82,needs_review,Clean French-Médumba aligned row from spreadsheet.
ss_00082,creation_and_proverb,82,,Les tigres sursautèrent et déséquilibrèrent la tour qui s'écroula ; ils tombèrent et prirent la poudre d'escampette.,"Ba busi tshwèt bwôg, nesà ba’ bo na’ nabte boa wut yub là vù nsi, mba wù lo kù ke lôde njam.",frabcaise_3.xlsx,Sheet1,83,needs_review,Clean French-Médumba aligned row from spreadsheet.
ss_00083,creation_and_proverb,83,,"Quand ils eurent tous disparu, l'homme debout au pied du cocotier déclara :","Ngelañ njoñ ba busi fa kù là, mènntùn nyiañtu tsin tù num tù mba ntshob ndù :",frabcaise_3.xlsx,Sheet1,84,needs_review,Clean French-Médumba aligned row from spreadsheet.
ss_00084,creation_and_proverb,84,,- Et Toc ! Comme le dit la parole :,Mba tànkùt tshob là :,frabcaise_3.xlsx,Sheet1,85,needs_review,Clean French-Médumba aligned row from spreadsheet.
ss_00085,creation_and_proverb,85,,Papabondieu est le premier,Baba Bondieu b’a mbwe i,frabcaise_3.xlsx,Sheet1,86,needs_review,Clean French-Médumba aligned row from spreadsheet.
ss_00086,creation_and_proverb,86,,L'homme le deuxième,Mènntùn nyiañtu be mbatte i,frabcaise_3.xlsx,Sheet1,87,needs_review,Clean French-Médumba aligned row from spreadsheet.
ss_00087,creation_and_proverb,87,,Et le Tigre le dernier...,Busi tshwèt be miagde i…,frabcaise_3.xlsx,Sheet1,88,needs_review,Clean French-Médumba aligned row from spreadsheet.
ss_00088,anta_and_mamadou,1,,"Un jeune homme du nom de Mamadou, qui voulait apprendre à lire et à écrire, partit un jour à la recherche d'une école. Il quitta sa province pour se rendre dans la région du Kayor, au Sénégal.",Ta’ nguan nshum lén se Mamadou z’a na’ nke kô nezi’de nesiañ mba neki ju là nèn diag ta’ dù’ ñwa’ni. A fañ ze tañla’ nèn tùsô Kayor mà Sénégal.,Anta et Mamadou (1).docx,,,needs_review,French-Médumba paragraph pair parsed from DOCX.
ss_00089,anta_and_mamadou,2,,"Là vivait un savant qui enseignait aux enfants. Mamadou resta auprès de son maître aussi longtemps que nécessaire. Quand il sut lire et écrire parfaitement, il décida de rentrer chez lui.","Ta’ ngazenu z’a na’ nke ntswide bwônke’ là na’ nke ntswe mà bwe. Mamadou tswe mbañ ze ngatswide ju njoñ ngelañ z’a na’ mbètte là. Ngelan a zi’de neki mba nesiañ ju kua’ mebwô là, a lo’ mfi’ nebèn la’ i.",Anta et Mamadou (1).docx,,,needs_review,French-Médumba paragraph pair parsed from DOCX.
ss_00090,anta_and_mamadou,3,,"Le jour de son départ, un camarade de classe, qui appartenait à l'espèce des génies, lui dit : Nous sommes amis. Puisque tu t'en retournes chez toi, je vais te charger d'un message pour mes parents et je te transporterai dans ton village à la vitesse de l'éclair.","Lé’ z’a na’ nke mbèn nà, ta’ nshun ñwa’ni z’a na’ mb’a ta’ ziag là, tshob yi ndù : Bag wù b’a nshune. Mb’o tshwèt mbèn la’ o là, m’a’ tshag ta’ nkùn tà tshàm, ndañndañ mba beba’mbañ num nso nde là, m’a’ mbèn kel o nte la’ o.",Anta et Mamadou (1).docx,,,needs_review,French-Médumba paragraph pair parsed from DOCX.
ss_00091,anta_and_mamadou,4,,"Tu ne sais pas qui je suis, mais moi je te connais bien, car nous sommes nés au même endroit.","O ke’ lèn mèn ze me be yi là, nda’ndù me lèn o kua’ mebwô nummbe bo bwe yag à dù’ ntshù’.",Anta et Mamadou (1).docx,,,needs_review,French-Médumba paragraph pair parsed from DOCX.
ss_00092,anta_and_mamadou,5,,"Nous autres, les génies, nous vous reconnaissons très bien mais vous, les humains, vous ne pouvez pas nous apercevoir. Quand tu seras chez toi, mets à ton doigt cette bague d'argent, et tu pourras voir les génies et leurs villages.","Bag, ba ziag, bag num njen zin ndèn zin kua’ mebwô, nda’ndù bin, benntùn nyiañtu, be bin ke yen yag ndène. Ngelañ z’o kum la’ o là, so yen kwa li bu o ndùlà, oa’ yen ba ziag boa tañla’ tshob.",Anta et Mamadou (1).docx,,,needs_review,French-Médumba paragraph pair parsed from DOCX.
ss_00093,anta_and_mamadou,6,,"Si tu l'ôtes ou si tu la perds, tout disparaîtra de nouveau. Le génie demanda ensuite à Mamadou de s'asseoir sur son tapis et de fermer les yeux. À peine Mamadou avait-il obéi qu'il se retrouva, comme par magie, dans son village.","O sô kwa là ke a bi lo, mba njoñ tshu fa a’ mbèn mbi. Ziag mbèn tshob Mamadou mb’a tswe nsi num mata, mem miag mi. Mamadou be tshù ndù a ya kum ntùm ntañla’ se.",Anta et Mamadou (1).docx,,,needs_review,French-Médumba paragraph pair parsed from DOCX.
ss_00094,anta_and_mamadou,7,,"Le lendemain matin, Mamadou passa la bague à son doigt. Il aperçut alors tous les génies et leurs villages. Il alla rendre visite à la famille de son camarade.","Njù be làn, Mamadou so kwa bu i. A yen njoñ ba ziag fa boa ntañla’ tshob. A nèn ndôde tunndà nshun i.",Anta et Mamadou (1).docx,,,needs_review,French-Médumba paragraph pair parsed from DOCX.
ss_00095,anta_and_mamadou,8,,"Le génie, votre parent, vous envoie le bonjour, leur dit-il. Et où est-il, notre cher enfant ? lui demanda-t-on.","A tshob bo ndù : ziag, zin mèn, tsha’de zine. Bo bètt’é ndù: mèn yag ze tanjoñ b’a yà?",Anta et Mamadou (1).docx,,,needs_review,French-Médumba paragraph pair parsed from DOCX.
ss_00096,anta_and_mamadou,9,,"Je l'ai laissé dans un village du Kayor. Il continue de fréquenter l'école. Ah, s'écrièrent les parents, notre brave petit se conduit bien!",Me fañ i ntùm ta’ tañla’ lén se Kayor. A tshwèt nèn mbwe bo ñwa’ni mà bwe. Bo tô ntshob ndù: zebe mèn b’a ta’ mbwô mèn.,Anta et Mamadou (1).docx,,,needs_review,French-Médumba paragraph pair parsed from DOCX.
ss_00097,anta_and_mamadou,10,,"Et toi, Mamadou, il faut que tu t'en retournes chez toi, mais, chaque fois que tu auras du temps libre, ne manque pas de venir nous voir.","Wù, Mamadou, a bwô ndù o bèn la’ o, nda’ndù, njoñ ngelañ fa z’o tswe ke ghù ju là, se’ ndôde yag.",Anta et Mamadou (1).docx,,,needs_review,French-Médumba paragraph pair parsed from DOCX.
ss_00098,anta_and_mamadou,11,,"Mamadou s'en retourna chez ses parents, mais, chaque fois qu'il en avait l'occasion, il rendait de longues visites aux génies. C'est qu'il avait vu la sœur de son camarade, Anta, une jolie demoiselle, et qu'il désirait l'épouser.","Mamadou bèn la’ tà tse, là, njoñ ngelañ fa z’a na’ nku’ni là, a nke nèn lôde ba ziag, ntswe bwe ngelañ yàme. A b’a mbe a na’ yen mvèt nshun i ze mènnzwi, lén se Anta, ta’ ngon ndù a bwô, a nke nkô nenandà bo yi.",Anta et Mamadou (1).docx,,,needs_review,French-Médumba paragraph pair parsed from DOCX.
ss_00099,anta_and_mamadou,12,,"Lorsqu'il lui fit sa déclaration, Anta répondit : « Je ne demande pas mieux ! Pourtant, j'hésite à me marier avec un être humain… Vous êtes si coléreux! Et si bavards ! Et vous mentez si facilement ! Chez nous, il n'en va pas de même : jamais un génie ne s'emporte, jamais il ne trahit un secret ; il ne parle que pour dire la vérité. »","Ngelañ z’a bètte Anta nandà là, Anta bùnde ntshob ndù : « A’ bwô àm ! nda’ndù, me tshwèt mbèn nsiañde nu num nenandà bo ta’ mènntùn nyiañtu… bin num nja ntù nde ! ntshobte neshu ! mbèn nke ntatte yàme ! A ke’ be tôg à ndùlà la’ bag : ta’ ziag ke’ be ya ntù, a ke’ be soñ ju ze bo tshob ntùm tsham nà; a nke ntshob à nda’ nenùne. »",Anta et Mamadou (1).docx,,,needs_review,French-Médumba paragraph pair parsed from DOCX.
ss_00100,anta_and_mamadou,13,,Mamadou protesta :,,Anta et Mamadou (1).docx,,,needs_review,French-Médumba paragraph pair parsed from DOCX.
ss_00101,anta_and_mamadou,14,,"Quand nous serons mariés, tu verras que, moi non plus, je ne m'emporte pas et que jamais je ne mens !",,Anta et Mamadou (1).docx,,,needs_review,French-Médumba paragraph pair parsed from DOCX.
ss_00102,anta_and_mamadou,15,,"— S'il en est ainsi, le mariage est conclu ! Je t'accepte pour mari. Mais je te défends de révéler à quiconque que tu as épousé une femme de l'espèce des génies !",Mamadou bùnde ntshob ndù :,Anta et Mamadou (1).docx,,,needs_review,French-Médumba paragraph pair parsed from DOCX.
ss_00103,anta_and_mamadou,16,,"Ngelañ ze bag wù na ndà là, oa’ yen mbe, mba me, me ke’ be ya ntù, me ke’ be tatte.",,Anta et Mamadou (1).docx,,,needs_review,French-Médumba paragraph pair parsed from DOCX.
ss_00104,anta_and_mamadou,17,,"— A be ndùlala, mba be bag wù na ndà! Me bam nebe nzwi o. nda’ndù, kà nzi soñ mènntùn, a be mba wù lo ndù o na ndà bo ta’ mènnzwi ziag.",,Anta et Mamadou (1).docx,,,needs_review,French-Médumba paragraph pair parsed from DOCX.
ss_00105,anta_and_mamadou,18,,— C'est entendu ! promit Mamadou.,Me ju’ ! Mamadou bù zwi i.,Anta et Mamadou (1).docx,,,needs_review,French-Médumba paragraph pair parsed from DOCX.
ss_00106,anta_and_mamadou,19,,"— Eh bien, déclara Anta, nous pouvons célébrer notre mariage.",Anta tshob ndù : be bag wù na ndà,Anta et Mamadou (1).docx,,,needs_review,French-Médumba paragraph pair parsed from DOCX.
ss_00107,anta_and_mamadou,20,,"Depuis, Anta et Mamadou vivaient heureux.","Fe yen ngelañ nà, Anta bo Mamadou tswe ntùm ntsiañde",Anta et Mamadou (1).docx,,,needs_review,French-Médumba paragraph pair parsed from DOCX.
ss_00108,anta_and_mamadou,21,,"Mais un jour qu'Anta avait quitté à l'aube le village pour se rendre dans sa famille, Mamadou se réveilla pour constater que, pendant la nuit, son grenier de mil avait pris feu, son pur-sang était mort, et son puissant taureau était tombé au fond du puits.","Là, ta’ bam nkebnjù ndù njù ke’ yoñ ndàn, Anta lo nèn lôde ze tunndà. Mamadou bam num miaglo njen mbe, a be tèttswe’, kàndà ngefet se lo’ mbwôge, ze nyàmdiañ kwù, mba ze nyàmna’ gwù ntùm tôntse.",Anta et Mamadou (1).docx,,,needs_review,French-Médumba paragraph pair parsed from DOCX.
ss_00109,anta_and_mamadou,22,,"Mamadou, et toute sa famille avec lui, était désespéré. Anta revint en fin de journée. En s'approchant de la case de son mari, elle entendit la mère de celui-ci se lamenter :","Mamadou bo njoñ ze tunndà fa, ju’ kebwô. A be mvetnjù, Anta bèn. A be ghebte mbañ ba’ ndu i, nju’ màab nke nkua’a:",Anta et Mamadou (1).docx,,,needs_review,French-Médumba paragraph pair parsed from DOCX.
ss_00110,anta_and_mamadou,23,,"""En un seul jour, voilà ton grenier de mil dévoré par les flammes ! Ton cheval de race meurt ! Puis c'est ton grand taureau – un taureau de cinq ans ! – qui périt aussi!","""Num nda’ ta’ lé’, kàndà ngefet so lo’ mbwôge! Mbwô nyàmdiañ so kwù ! mba nyàmna’ so – Ta’ nyàmna’ z’a ghù ngu’njù tàn nà ! – kwù !",Anta et Mamadou (1).docx,,,needs_review,French-Médumba paragraph pair parsed from DOCX.
ss_00111,anta_and_mamadou,24,,Cette maison va être ruinée dans peu de temps ! Cela devait arriver ! C'est la conséquence de ton mariage avec une femme de l'espèce des génies !”,A tù’ à metsit ngelañ la’ li gwù nsi ! A lo mbe ndù à tum à ndùlala ! A ywit ju mb’o na ndà bo ta’ mènnzwi ziag là.,Anta et Mamadou (1).docx,,,needs_review,French-Médumba paragraph pair parsed from DOCX.
ss_00112,anta_and_mamadou,25,,"À ces paroles, Anta décida de retourner dans sa famille. Mais avant de disparaître, elle suivit Mamadou jusqu'aux champs et, lorsqu'il s'endormit pour la sieste, elle lui ôta sa bague d'argent.","Mba bo tshob ndùlala, Anta lo’ mfi’ nebèn la’ bo. Kà mbène, a bét Mamadou tà mà tswhèt, ngelañ a nô nsi nzi là, Anta sô kwa se.",Anta et Mamadou (1).docx,,,needs_review,French-Médumba paragraph pair parsed from DOCX.
ss_00113,anta_and_mamadou,26,,"À son réveil, Mamadou ne pouvait plus apercevoir les génies ni leurs villages. Il essaya de suivre le chemin qui menait chez Anta, en vain. Le village avait disparu.","Ngelañ a bam num miaglo là, Mamadou ke bèn nku’ni neyen ba nziag mba ntañla’ sube. A lo’ mànze z’a tshwèt nèn la’ ba Anta là, nda’ndù a ke yen sàm ju. Tañla’ bi nsi.",Anta et Mamadou (1).docx,,,needs_review,French-Médumba paragraph pair parsed from DOCX.
ss_00114,anta_and_mamadou,27,,"Un beau jour, Anta revint dans le village de Mamadou. Elle trouva celui-ci endormi, et le réveilla. Il s'écria :","A be ta’ lé’, Anta mbèn nse’ tañla’ Mamadou. A tèl i, a nke nzi, a mbam i num miaglo. Mamadou tô ntshob ndù:",Anta et Mamadou (1).docx,,,needs_review,French-Médumba paragraph pair parsed from DOCX.
ss_00115,anta_and_mamadou,28,,« Anta ? ! D'où viens-tu ?,« Anta ! o tum à yà?,Anta et Mamadou (1).docx,,,needs_review,French-Médumba paragraph pair parsed from DOCX.
ss_00116,anta_and_mamadou,29,,— Je viens de mon village.,Me tum à la’ bag.,Anta et Mamadou (1).docx,,,needs_review,French-Médumba paragraph pair parsed from DOCX.
ss_00117,anta_and_mamadou,30,,— Ce n'est pas vrai ! Vous l'avez tous quitté!,A b’a tatte ! bin nèn njoñ zin fa!,Anta et Mamadou (1).docx,,,needs_review,French-Médumba paragraph pair parsed from DOCX.
ss_00118,anta_and_mamadou,31,,— Non. Nous l'habitons toujours.,Nga. Bag ke’ à mà bwe.,Anta et Mamadou (1).docx,,,needs_review,French-Médumba paragraph pair parsed from DOCX.
ss_00119,anta_and_mamadou,32,,— Alors pourquoi ne vivons-nous plus comme autrefois?,"A be ndùlà, ke z’a ghù bag wù ke bèn netswe mba mbwe à?",Anta et Mamadou (1).docx,,,needs_review,French-Médumba paragraph pair parsed from DOCX.
ss_00120,anta_and_mamadou,33,,— C'est qu'à présent notre mariage est rompu de par ma volonté!,A b’a nummbe me bagde yag nandà,Anta et Mamadou (1).docx,,,needs_review,French-Médumba paragraph pair parsed from DOCX.
ss_00121,anta_and_mamadou,34,,— Pourquoi l'as-tu rompu ?,Ke z’a ghù o bagde yag nandà à ?,Anta et Mamadou (1).docx,,,needs_review,French-Médumba paragraph pair parsed from DOCX.
ss_00122,anta_and_mamadou,35,,"— Parce que tu n'as pas tenu ta promesse ! Quand tu m'as demandé de devenir ta femme, ne t'ai-je pas déclaré qu'il me serait difficile de le rester parce que, vous autres humains, vous vous emportez, vous mentez et vous bavardez à tort et à travers ?","Nummbe o bagde nka’ni z’o na’ mbù là ! Ngelañ z’o na’ mbètt’àm nandà là, me tshob wù mbe a’ ta me netswe nzwi o nummbe, bin benntùn nyiañtu, bin num nja ntù neshu, bin num tatte mbèn nke ntshobte mba ndùke lo. Ke ju ze me na’ tshob wù là ké ?",Anta et Mamadou (1).docx,,,needs_review,French-Médumba paragraph pair parsed from DOCX.
ss_00123,anta_and_mamadou,36,,— Et quand donc me suis-je emporté ? En quoi ai-je menti ? Pourquoi dis-tu que j'ai été bavard ?,Me ya ntù à se ? Me tatt’à ndùke ? Numke o tshob mbe me tshobte neshu à ?,Anta et Mamadou (1).docx,,,needs_review,French-Médumba paragraph pair parsed from DOCX.
ss_00124,anta_and_mamadou,37,,— Tu as eu la langue trop pendue.,O tshobte neshu,Anta et Mamadou (1).docx,,,needs_review,French-Médumba paragraph pair parsed from DOCX.
ss_00125,anta_and_mamadou,38,,— Mais à quel propos ? Dis-le-moi enfin!,Ke ze me tshob à ? tshob me ju’u !,Anta et Mamadou (1).docx,,,needs_review,French-Médumba paragraph pair parsed from DOCX.
ss_00126,anta_and_mamadou,39,,"— Souviens-toi du jour où ton grenier de mil fut consumé, où ton cheval est mort et ton grand taureau est tombé dans le puits.","Kwimde lé’ ze kàndà ngefet so na’ ndo’ mbwôg là, nyàmdiañ so kwù, mba nyàmna’ so gwù ntùm tôntse là.",Anta et Mamadou (1).docx,,,needs_review,French-Médumba paragraph pair parsed from DOCX.
ss_00127,anta_and_mamadou,40,,"Tout cela, je ne l'ignorais pas ! Mais je suis partie pour ne plus revenir, car j'ai entendu ta mère se plaindre de moi, ce qui est la preuve que tu lui as révélé notre secret et que tu as trahi ta promesse.","Me na’ lèn njoñ i fa. Là, me nèn ke bèn kô nebène, nummbe me na’ ju’ màan nke kua’ nke ntshobte num àm. Yenni nke nda’de mbe, o soñ i ju ze bag wù na’ ntshobte ntùm tsham nà, o bagde nka’ni o na’ mbù là.",Anta et Mamadou (1).docx,,,needs_review,French-Médumba paragraph pair parsed from DOCX.
ss_00128,anta_and_mamadou,41,,"Je vais te raconter ce qui s'est réellement passé : j'étais restée près de toi jusqu'à l'aube. Azraël, l'ange de la mort aux bras parsemés d'yeux et portant un arbre sur la tête, est venu.","M’a’ tshob wù kua’ ju z’a na’ ntôg là : me na’ tswe bañ o kà njù làn. Azraël, angél vù z’a ghù miag njoñ ndù’ fa num mbu mi là, z’a num nket ta’tù num tu i là, na’ se’e.",Anta et Mamadou (1).docx,,,needs_review,French-Médumba paragraph pair parsed from DOCX.
ss_00129,anta_and_mamadou,42,,"Il voulait s'emparer de toi. Je l'ai repoussé et rejeté sur ton grenier de mil, qui a brûlé. Il a essayé alors d'emporter ta mère. Je l'ai jeté sur le cheval, qui s'est effondré sous son poids.","A na’ nke nkô nelo’ o. Me ta’ i, ntèn i num kàndà ngefet so, a lo’ mwbôg. A kô nelo màan. Me tèn i a gwù num nyàmdiañ so, nyàmdiañ ke ku’ni neket let angél vù, a kwù.",Anta et Mamadou (1).docx,,,needs_review,French-Médumba paragraph pair parsed from DOCX.
ss_00130,anta_and_mamadou,43,,"Il s'est néanmoins entêté à rester, prêt à se venger sur ta sœur. Et moi, une troisième fois, je l'ai combattu et repoussé. Il est tombé sur le taureau, qui mourut en basculant dans le puits.","A tatu ke kô nenène, ndiag neyagde mba’, nzwi mvèl o ze mènnzwi. Num yoñ i mbatte tat, me zwe bo yi ntèn i, a gwù num nyàmna’, nyàmna’ gwù ntùm tôntse nkwù.",Anta et Mamadou (1).docx,,,needs_review,French-Médumba paragraph pair parsed from DOCX.
ss_00131,anta_and_mamadou,44,,"Si je t'avais laissé mourir, ainsi que ta mère et ta sœur, que serait devenue ta maison ? Elle aurait été perdue!","A be ze me na’ fañ i a zwi o là, nzwi màan mba mvèl o ze mènnzwi là, mba so ba’ b’a ke sènni à? Mb’a bi !",Anta et Mamadou (1).docx,,,needs_review,French-Médumba paragraph pair parsed from DOCX.
ss_00132,anta_and_mamadou,45,,"Et si vous êtes tous encore en vie, ce fut grâce à l'incendie du grenier de mil, à la mort du cheval et à celle du taureau!","A be ze bin ke’ tù là, mb’a b’a nummbe kàndà ngefet lo’ mbwôge, nyàmdiañ kwù, mba nyàmna’ kwù !",Anta et Mamadou (1).docx,,,needs_review,French-Médumba paragraph pair parsed from DOCX.
ss_00133,anta_and_mamadou,46,,"Ne vaut-il pas mieux que les choses se soient passées ainsi ? Tu m'as trahie, mais avant de te quitter pour toujours, je devais te révéler la vérité. »","Mb’a tôg à ndùlala a ke’ bwô ké? O bagde yu nka’ni, nda’ndù a lo mbwô ndù me tshob nenùn wù kà nèn yoñ yoñ ntshù’. »",Anta et Mamadou (1).docx,,,needs_review,French-Médumba paragraph pair parsed from DOCX.
ss_00134,anta_and_mamadou,47,,Et Anta s'en alla. Jamais Mamadou ne la revit.,Anta nèn. Mamadou ke bèn to’ yen i.,Anta et Mamadou (1).docx,,,needs_review,French-Médumba paragraph pair parsed from DOCX.
ss_00135,who_can_help_me,1,,Qui peut m'aider à mettre cette charge sur ma tête ? wù ze b’a ywimd’àm nete lèt lé num tu àm à?,,Francais_2 traduit (1).docx,,,needs_manual_alignment,Paragraph appears to mix French and Médumba; manual alignment required before import as bilingual passage.
ss_00136,who_can_help_me,2,,"Il était une fois une femme enceinte qui était allée chercher du bois sec. A na’ mbe ta’ lé’, ta’ mènnzwi jùm nèn diag ntshwèn z’a jum nà.",,Francais_2 traduit (1).docx,,,needs_manual_alignment,Paragraph appears to mix French and Médumba; manual alignment required before import as bilingual passage.
ss_00137,who_can_help_me,3,,"Lorsqu'elle eut rassemblé la quantité voulue, elle n'eut personne pour l'aider à poser la charge sur sa tête. Ngelañ z’a miagde netswétte njoñ z’a ku’ num i là, sàm mèn ke be z’a ywimd’é nete num tu i là.",,Francais_2 traduit (1).docx,,,needs_manual_alignment,Paragraph appears to mix French and Médumba; manual alignment required before import as bilingual passage.
ss_00138,who_can_help_me,4,,Alors elle appela Ndùlà a tshob ndù :,,Francais_2 traduit (1).docx,,,needs_manual_alignment,Paragraph appears to mix French and Médumba; manual alignment required before import as bilingual passage.
ss_00139,who_can_help_me,5,,"- Quelle créature de la forêt, pourrait m'aider à mettre cette charge sur ma tête ? Zit nyàm tô fèn li ze b’a ywimd’àm nete let li num tu àm à?",,Francais_2 traduit (1).docx,,,needs_manual_alignment,Paragraph appears to mix French and Médumba; manual alignment required before import as bilingual passage.
ss_00140,who_can_help_me,6,,Le margouillat se présenta. La femme lui dit : Nko’ bolibagbag se’. Mènnzwi tshob yi ndù :,,Francais_2 traduit (1).docx,,,needs_manual_alignment,Paragraph appears to mix French and Médumba; manual alignment required before import as bilingual passage.
ss_00141,who_can_help_me,7,,"- Ôte-toi de là, tu ne peux pas ! Lo mve làà, b’o ke kele!",,Francais_2 traduit (1).docx,,,needs_manual_alignment,Paragraph appears to mix French and Médumba; manual alignment required before import as bilingual passage.
ss_00142,who_can_help_me,8,,- Quelle créature de la forêt pourrait m'aider à mettre cette charge sur ma tête ? répéta-t-elle. A bèn mbètte ndù : Zit nyàm tô fèn li ze b’a ywimd’àm nete let li num tu àm à?,,Francais_2 traduit (1).docx,,,needs_manual_alignment,Paragraph appears to mix French and Médumba; manual alignment required before import as bilingual passage.
ss_00143,who_can_help_me,9,,Le lézard vint. Elle lui dit : Meto’ bolibagbag se’. A tshob yi ndù :,,Francais_2 traduit (1).docx,,,needs_manual_alignment,Paragraph appears to mix French and Médumba; manual alignment required before import as bilingual passage.
ss_00144,who_can_help_me,10,,"=- Ôte-toi de là, tu ne peux pas!Lo mve làà, b’o ke kele.",,Francais_2 traduit (1).docx,,,needs_manual_alignment,Paragraph appears to mix French and Médumba; manual alignment required before import as bilingual passage.
ss_00145,who_can_help_me,11,,- Quelle créature de la forêt pourrait m'aider à mettre cette charge sur ma tête ? dit-elle encore. . A bèn ntshob ndù : Zit nyàm tô fèn li ze b’a ywimd’àm nete let li num tu àm à?,,Francais_2 traduit (1).docx,,,needs_manual_alignment,Paragraph appears to mix French and Médumba; manual alignment required before import as bilingual passage.
ss_00146,who_can_help_me,12,,"Le lion vint. Elle lui dit : Ngwayit se’, a tshob yi ndù :",,Francais_2 traduit (1).docx,,,needs_manual_alignment,Paragraph appears to mix French and Médumba; manual alignment required before import as bilingual passage.
ss_00147,who_can_help_me,13,,"=- toi, tu en es capable. Wù, b’o ket.",,Francais_2 traduit (1).docx,,,needs_manual_alignment,Paragraph appears to mix French and Médumba; manual alignment required before import as bilingual passage.
ss_00148,who_can_help_me,14,,"- Si je t'aide, que me donneras-tu en retour ? demanda le lion. Ngwayit bètt’é ndù : me ywimd’o mb’oa’ fà à ke me à?",,Francais_2 traduit (1).docx,,,needs_manual_alignment,Paragraph appears to mix French and Médumba; manual alignment required before import as bilingual passage.
ss_00149,who_can_help_me,15,,"=- ce que je porte dans mon ventre, répondit-elle. A bùnde ndù : ju z’a be bam sam nà.",,Francais_2 traduit (1).docx,,,needs_manual_alignment,Paragraph appears to mix French and Médumba; manual alignment required before import as bilingual passage.
ss_00150,who_can_help_me,16,,"Njogoy le lion l'aida ; la femme s'en retourna au village où elle accoucha d'un garçon du nom de Samba. Ngwayit lén se Njogoy ywimd’é; mènnzwi bèn la’, mbwe mèn mandum, mfà lén se Samba",,Francais_2 traduit (1).docx,,,needs_manual_alignment,Paragraph appears to mix French and Médumba; manual alignment required before import as bilingual passage.
ss_00151,who_can_help_me,17,,"Le lion attendit avec impatience quelques années, puis un jour, il se dirigea vers le village",,Francais_2 traduit (1).docx,,,needs_manual_alignment,Paragraph appears to mix French and Médumba; manual alignment required before import as bilingual passage.
ss_00152,who_can_help_me,18,,"et demanda à Samba : Ngwayit fènnde men ngu’, à be ta’ lé’, à nèn la’ mbètte Samba ndù :",,Francais_2 traduit (1).docx,,,needs_manual_alignment,Paragraph appears to mix French and Médumba; manual alignment required before import as bilingual passage.
ss_00153,who_can_help_me,19,,"- Peut-on te manger ou faut-il encore attendre ? Be bo fèl’o ndô ké, ke bo bèn mbéb’à?",,Francais_2 traduit (1).docx,,,needs_manual_alignment,Paragraph appears to mix French and Médumba; manual alignment required before import as bilingual passage.
ss_00154,who_can_help_me,20,,La femme dit Mènnzwi tshob mbe :,,Francais_2 traduit (1).docx,,,needs_manual_alignment,Paragraph appears to mix French and Médumba; manual alignment required before import as bilingual passage.
ss_00155,who_can_help_me,21,,"- Attends encore, le moment n'est pas venu. Le lion s'en retourna, attendit un certain temps, puis revint au village et dit : Na’ bèn mbébe, ngelañ ke’ yoñ nku’u. Ngwayit kañ wul i mbène. Men ngelañ be tôge, à bèn mbèn la’, mbètte ndù :",,Francais_2 traduit (1).docx,,,needs_manual_alignment,Paragraph appears to mix French and Médumba; manual alignment required before import as bilingual passage.
ss_00156,who_can_help_me,22,,"- Peut-on te manger ou faut-il encore attendre ? Be bo fèl’o ndô ké, ke bo bèn mbéb’à?",,Francais_2 traduit (1).docx,,,needs_manual_alignment,Paragraph appears to mix French and Médumba; manual alignment required before import as bilingual passage.
ss_00157,who_can_help_me,23,,"=- il reste encore un mois, répondit la mère. Mà Samba bùnde ndù : ta’ màñwù neke’e.",,Francais_2 traduit (1).docx,,,needs_manual_alignment,Paragraph appears to mix French and Médumba; manual alignment required before import as bilingual passage.
ss_00158,who_can_help_me,24,,Samba décida un matin : Samba lo nsi mo’ nkebnjù ndo’ mfi’ mbe :,,Francais_2 traduit (1).docx,,,needs_manual_alignment,Paragraph appears to mix French and Médumba; manual alignment required before import as bilingual passage.
ss_00159,who_can_help_me,25,,- C'est moi qui vais faire paître le troupeau. A me bèn béb bwoñ njùmbwe.,,Francais_2 traduit (1).docx,,,needs_manual_alignment,Paragraph appears to mix French and Médumba; manual alignment required before import as bilingual passage.
ss_00160,who_can_help_me,26,,Et il partit. Le lion vint en son absence. A ghù nène. Ngwayit se’ ke tèl i.,,Francais_2 traduit (1).docx,,,needs_manual_alignment,Paragraph appears to mix French and Médumba; manual alignment required before import as bilingual passage.
ss_00161,who_can_help_me,27,,"- Peut-on le manger ou faut-il encore attendre ? Be bo fèl’i ndô ké, ke bo bèn mbéb’à?",,Francais_2 traduit (1).docx,,,needs_manual_alignment,Paragraph appears to mix French and Médumba; manual alignment required before import as bilingual passage.
ss_00162,who_can_help_me,28,,"=- le voilà qui vient de partir au troupeau, répondit la mère. Mà Samba tshob ndù : A là z’a yoñ nenèn béb bwoñ njùmbwe là.",,Francais_2 traduit (1).docx,,,needs_manual_alignment,Paragraph appears to mix French and Médumba; manual alignment required before import as bilingual passage.
ss_00163,who_can_help_me,29,,"Le lion attendit, attendit, puis il alla trouver le garçon à l'enclos : Ngwayit béb, mbèn bébe. Ngelañ be tôge, à nèn tèt mèn màndum nka’ njùmbwe.",,Francais_2 traduit (1).docx,,,needs_manual_alignment,Paragraph appears to mix French and Médumba; manual alignment required before import as bilingual passage.
ss_00164,who_can_help_me,30,,- Est-ce bien Samba ? A b’a Samba ké?,,Francais_2 traduit (1).docx,,,needs_manual_alignment,Paragraph appears to mix French and Médumba; manual alignment required before import as bilingual passage.
ss_00165,who_can_help_me,31,,"- Oui, c'est moi. Ñ a me.",,Francais_2 traduit (1).docx,,,needs_manual_alignment,Paragraph appears to mix French and Médumba; manual alignment required before import as bilingual passage.
ss_00166,who_can_help_me,32,,"- Peut-on te manger ou faut-il encore attendre ? Be bo fèl’o ndô ké, ke bo bèn mbéb’à?",,Francais_2 traduit (1).docx,,,needs_manual_alignment,Paragraph appears to mix French and Médumba; manual alignment required before import as bilingual passage.
ss_00167,who_can_help_me,33,,"=- On Peut me manger, dit Samba !Samba bùnde ndù : be bo fèl àm.",,Francais_2 traduit (1).docx,,,needs_manual_alignment,Paragraph appears to mix French and Médumba; manual alignment required before import as bilingual passage.
ss_00168,who_can_help_me,34,,"Ils se ruèrent l'un sur l'autre et se mirent à se battre, à se battre !... Samba tua le lion, lui coupa une griffe et retourna au village. Bo zwe zwe’. Samba zwi ngwayit, nkeb ta’ nkéb mi ndo’ mbèn yi la’.",,Francais_2 traduit (1).docx,,,needs_manual_alignment,Paragraph appears to mix French and Médumba; manual alignment required before import as bilingual passage.
ss_00169,who_can_help_me,35,,"A son arrivée, sa mère lui servit à souper. Il en mangea un peu, puis enfouit la griffe dans le restant du couscous. Il dit : Ngelañ à kum ndà là, màab fà jujù yi. A jù me ju i, ndo’ nkéb z’a keb num ngwayit là ntshag ntùm bàà ngefele.",,Francais_2 traduit (1).docx,,,needs_manual_alignment,Paragraph appears to mix French and Médumba; manual alignment required before import as bilingual passage.
ss_00170,who_can_help_me,36,,"=- Mère, viens prendre le plat. Mama, se’ ndo’ bag ka.",,Francais_2 traduit (1).docx,,,needs_manual_alignment,Paragraph appears to mix French and Médumba; manual alignment required before import as bilingual passage.
ss_00171,who_can_help_me,37,,"La mère prit le plat et aussitôt se mit à manger. A peine avait- elle avalé une bouchée que la griffe lui resta dans la gorge. Elle s'évanouit. Alors que tout le monde s'affairait, Samba ne disait mot. Lorsqu'il la sentit près de mourir, Samba lui donna une grande tape dans le dos et la griffe tomba par terre. Il lui dit : mama lo’ bag ka nto’de nejù ju. A lo’ nda’ me ju i, nkéb ngwayit la’ ntô i. Bo be tshù a vù nsi. Benntùn to’de nekùmde bañ i, Samba ke tshob nu. Ngelañ z’a yen mbe màab yà nke nkwù là, samba lab njam mvèn i, nkéb ngwayit tum ntô i mvù nsi. A tshob yi ndù :",,Francais_2 traduit (1).docx,,,needs_manual_alignment,Paragraph appears to mix French and Médumba; manual alignment required before import as bilingual passage.
ss_00172,who_can_help_me,38,,- Voilà le lion à qui tu m'avais donné en gage ! Tshù ngwayit z’o na’ mbwe àm yi là.,,Francais_2 traduit (1).docx,,,needs_manual_alignment,Paragraph appears to mix French and Médumba; manual alignment required before import as bilingual passage.
ss_00173,who_can_help_me,39,,Et la mère fut couverte de honte. Tuswe ko màab.,,Francais_2 traduit (1).docx,,,needs_manual_alignment,Paragraph appears to mix French and Médumba; manual alignment required before import as bilingual passage.
ss_00174,hunter_and_genie,1,,Le chasseur et le génie voleur de femmes Ta’ nta’yoñ bo ta’ nziag yi mènnzwi,,Francais_2 traduit (1).docx,,,needs_manual_alignment,Paragraph appears to mix French and Médumba; manual alignment required before import as bilingual passage.
ss_00175,hunter_and_genie,2,,"Il y avait un génie qui volait la femme des nouveaux mariés. Quiconque se mariait, se voyait privé de sa nouvelle épouse, enlevée par le génie. Ta’ ziag na’ mbe nke nji bènnzwi bo yôg nenandà là. Mba zit mandum lo z’a na’ nke nandà là, ziag lo’ nzwi i.",,Francais_2 traduit (1).docx,,,needs_manual_alignment,Paragraph appears to mix French and Médumba; manual alignment required before import as bilingual passage.
ss_00176,hunter_and_genie,3,,"Un brave et téméraire chasseur apprit la nouvelle et annonça qu'il irait chercher une femme dans ce pays, afin de savoir si les hommes y sont sans valeur. Nkùn vù ntoñ ta’ nta’yoñ z’a ghù neta mbèn ngù tànntù là. A tshob njoñ benntùn fa mbe a’ lo’ ze mènnzwi tô yen ngô là nelade mbe bandum yen ngô là b’a ba mbu’ tu.",,Francais_2 traduit (1).docx,,,needs_manual_alignment,Paragraph appears to mix French and Médumba; manual alignment required before import as bilingual passage.
ss_00177,hunter_and_genie,4,,"Après avoir dit cela, il se prépara et partit. Quand il arriva dans la cité, on le reçut avec faste. Le roi lui demanda le motif de sa visite. Le chasseur lui dit qu'il venait prendre femme. A tshob ndùlala, nabte wul i nène. Ngelañ a kum ntùm sen ngô là, bo lo’ i mebwô. Mven bètt’é ju z’a se’ ghù là. Ngata’yoñ tshob yi mbe a se’ diag à ta’ mènnzwi ze bo yi nandà là.",,Francais_2 traduit (1).docx,,,needs_manual_alignment,Paragraph appears to mix French and Médumba; manual alignment required before import as bilingual passage.
ss_00178,hunter_and_genie,5,,Le roi lui dit : Mven tshob yi ndù :,,Francais_2 traduit (1).docx,,,needs_manual_alignment,Paragraph appears to mix French and Médumba; manual alignment required before import as bilingual passage.
ss_00179,hunter_and_genie,6,,"- Ici tu ne peux obtenir une femme, car à tous ceux à qui on a donné une épouse, le génie l'a enlevée et toutes ces épouses ont été ainsi perdues à jamais. B’o ke lo’ mènnzwi nzenni, nummbe njoñ benntùn fa bo lo’ mènnzwi nzenni là, ziag lo’ nèn yi yub kà bo ke bèn njen yube.",,Francais_2 traduit (1).docx,,,needs_manual_alignment,Paragraph appears to mix French and Médumba; manual alignment required before import as bilingual passage.
ss_00180,hunter_and_genie,7,,Le jeune homme répondit au roi : Mandum bùnde mven ndù :,,Francais_2 traduit (1).docx,,,needs_manual_alignment,Paragraph appears to mix French and Médumba; manual alignment required before import as bilingual passage.
ss_00181,hunter_and_genie,8,,"- Moi je suis un chasseur. Si tu me donnes ta fille en mariage et si le génie me la prend, je lutterai avec lui. Toi, observe-moi simplement ; ne te préoccupe pas de moi. Me b’a ta’ nta’yoñ. O fa ngon o me, ziag lo’ i, mba bag yi a’ zwe. Lôd’àm à nelode ; kà tshàm num àm.",,Francais_2 traduit (1).docx,,,needs_manual_alignment,Paragraph appears to mix French and Médumba; manual alignment required before import as bilingual passage.
ss_00182,hunter_and_genie,9,,"- Ce que tu dis, est-ce que c'est sûr ? demanda le roi. Mven bètt’é ndù : Ju z’o tshwèt ntshob là, a b’a kua’ nenùn ké?",,Francais_2 traduit (1).docx,,,needs_manual_alignment,Paragraph appears to mix French and Médumba; manual alignment required before import as bilingual passage.
ss_00183,hunter_and_genie,10,,"- C'est sûr, répondit l'homme. Mandum bùnde ndù : a b’a nenùne",,Francais_2 traduit (1).docx,,,needs_manual_alignment,Paragraph appears to mix French and Médumba; manual alignment required before import as bilingual passage.
ss_00184,hunter_and_genie,11,,Le roi lui donna une femme. Le mariage fut célébré durant trois jours. Mven fa ta’ mènnzwi yi. Bo lo’ lé’ tat nyiañ nandà yi.,,Francais_2 traduit (1).docx,,,needs_manual_alignment,Paragraph appears to mix French and Médumba; manual alignment required before import as bilingual passage.
ss_00185,hunter_and_genie,12,,"Lorsque les invités furent partis, le jeune homme rentra avec son épouse dans leur chambre. Ngelañ benntùn bo na’ ntsiañ num nandà là bèn la’ bo là, mandum nèn bo nzwi i nto’ndà yub.",,Francais_2 traduit (1).docx,,,needs_manual_alignment,Paragraph appears to mix French and Médumba; manual alignment required before import as bilingual passage.
ss_00186,hunter_and_genie,13,,"Dès qu'ils se couchèrent, le mari tenta de la toucher dans l'obscurité, mais ne trouva rien. Il s'inquiéta. Il se leva et alla voir le père de la mariée. Il lui dit qu'en effet, il avait eu raison. Bo nô num nkwùnndà, mandum diag nekwag nzwi i ntùm njame, nda’ndù a ke ju’ sàm mèn. A to’de nenwyine. A lo nèn njen tà nzwi i. A tshob tà nzwi i mbe ju z’a na’ ntshob là b’a nenùne.",,Francais_2 traduit (1).docx,,,needs_manual_alignment,Paragraph appears to mix French and Médumba; manual alignment required before import as bilingual passage.
ss_00187,hunter_and_genie,14,,Le génie était venu voler son épouse ! Ziag se’ nji nzwi i!,,Francais_2 traduit (1).docx,,,needs_manual_alignment,Paragraph appears to mix French and Médumba; manual alignment required before import as bilingual passage.
ss_00188,hunter_and_genie,15,,"Le matin, il alla trouver un marabout et lui dit : Nkebnjù, a nèn njen ngaka, ntshob yi ndù :",,Francais_2 traduit (1).docx,,,needs_manual_alignment,Paragraph appears to mix French and Médumba; manual alignment required before import as bilingual passage.
ss_00189,hunter_and_genie,16,,"- J'ai épousé une femme et le génie est venu la prendre. Me nandà bo ta’ mènnzwi nda’ndù, ziag se’ ndo’ i nèn yi.",,Francais_2 traduit (1).docx,,,needs_manual_alignment,Paragraph appears to mix French and Médumba; manual alignment required before import as bilingual passage.
ss_00190,hunter_and_genie,17,,Le marabout regarda les signes et lui dit : Ngaka lôde ntshob yi ndù :,,Francais_2 traduit (1).docx,,,needs_manual_alignment,Paragraph appears to mix French and Médumba; manual alignment required before import as bilingual passage.
ss_00191,hunter_and_genie,18,,"- Le génie, toutes les personnes qu'il a enlevées d'ici, il les a emportées au-delà du fleuve. Njoñ benntùn fa ze ziag num nji yub là, a num ndo’ yub nèn boa bo kà ntôg nkañntse.",,Francais_2 traduit (1).docx,,,needs_manual_alignment,Paragraph appears to mix French and Médumba; manual alignment required before import as bilingual passage.
ss_00192,hunter_and_genie,19,,"Si tu peux dépasser le fleuve, tu pourras tuer les génies. O ku’ni nenèn kà ntôg kañntse, mba be o zwi ziag.",,Francais_2 traduit (1).docx,,,needs_manual_alignment,Paragraph appears to mix French and Médumba; manual alignment required before import as bilingual passage.
ss_00193,hunter_and_genie,20,,"Les génies se trouvent dans une antilope-jument. Dans cette antilope, il y a un kewel. Dans cette petite antilope, il y a un corbeau. Dans ce corbeau, il y a un œuf. Cet œuf, si tu l'écrases, les femmes volées par le génie vont t'apparaître. Ba nziag nke nstwe à ntùm ta’ nyàmdiañe. Ta’ meto’ nyàmdiañ ntùm yen mà nyàmdiañ là. Ta’ mala ntùm yen meto’ nyàmdiañ là. Ntùm yen mala là, oa’ yen ta’ bumngab. O gho’ yen bumngab là, bènnzwi ziag yi là a’ tumde tô.",,Francais_2 traduit (1).docx,,,needs_manual_alignment,Paragraph appears to mix French and Médumba; manual alignment required before import as bilingual passage.
ss_00194,hunter_and_genie,21,,Le marabout dit encore : Ngaka bèn ntshob ndù :,,Francais_2 traduit (1).docx,,,needs_manual_alignment,Paragraph appears to mix French and Médumba; manual alignment required before import as bilingual passage.
ss_00195,hunter_and_genie,22,,"- L’antilope Koba quitte son logis vers onze heures pour aller boire à la roche qui se trouve dans le fleuve. Louti est son nom. Nyàmdiañ lén se Koba num ntum nda i num nguan nyam ntshob ntshù’ gham, nèn nu ntse z’a num ntum ntùm loñ z’a be ntùm nkañntse là. Lén se b’a Louti.",,Francais_2 traduit (1).docx,,,needs_manual_alignment,Paragraph appears to mix French and Médumba; manual alignment required before import as bilingual passage.
ss_00196,hunter_and_genie,23,,"Le chasseur prit sa gibecière, y mit sa nourriture et partit, accompagné de son chien. Ngata’yoñ lo’ ze bà fa’, njab ju z’a jù là tô bwe, bo mbwe i nèn.",,Francais_2 traduit (1).docx,,,needs_manual_alignment,Paragraph appears to mix French and Médumba; manual alignment required before import as bilingual passage.
ss_00197,hunter_and_genie,24,,"Aussitôt qu'ils furent sortis de la ville, un lion les vit, rugit et courut vers eux. L'homme",,Francais_2 traduit (1).docx,,,needs_manual_alignment,Paragraph appears to mix French and Médumba; manual alignment required before import as bilingual passage.
ss_00198,hunter_and_genie,25,,"s'agenouilla pour tirer, mais le lion lu i demanda : Ngelañ bo tum tùsô là, ta’ ngwayit yen yub nta’ yube. Màndum te nkeki’ nku mi nsi, nabte wul i mb’a zwi ngwayit là, là ngwayit bètt’é ndù :",,Francais_2 traduit (1).docx,,,needs_manual_alignment,Paragraph appears to mix French and Médumba; manual alignment required before import as bilingual passage.
ss_00199,hunter_and_genie,26,,- Que vas-tu faire ? O diag ghù à ke?,,Francais_2 traduit (1).docx,,,needs_manual_alignment,Paragraph appears to mix French and Médumba; manual alignment required before import as bilingual passage.
ss_00200,hunter_and_genie,27,,"- On a volé ma femme, je suis à sa recherche; si tu veux m'attaquer, je te tue ! Bo yi nzwi àm, me tshwèt ndiag i; o kam àm, mba m’a’ zwi o.",,Francais_2 traduit (1).docx,,,needs_manual_alignment,Paragraph appears to mix French and Médumba; manual alignment required before import as bilingual passage.
ss_00201,hunter_and_genie,28,,Le lion lui dit :Ngwayit tshob yi ndù :,,Francais_2 traduit (1).docx,,,needs_manual_alignment,Paragraph appears to mix French and Médumba; manual alignment required before import as bilingual passage.
ss_00202,hunter_and_genie,29,,"- Partons donc, je m'en vais t'aider. Ce que peut faire un ou deux, trois le feront mieux. Bag bin nène m’a’ ywimd’o. Ju ze be ta’ mèn ke bàa lo ku’ni neghù a bwô là, mba be ben tat ghù a bèn mbwô ntshùade.",,Francais_2 traduit (1).docx,,,needs_manual_alignment,Paragraph appears to mix French and Médumba; manual alignment required before import as bilingual passage.
ss_00203,hunter_and_genie,30,,"Ils marchèrent longtemps ; un aigle venant on ne sait d'où, plana au-dessus du chasseur. Bo zin ngelañ yàme; Ta’ ghamatat tum, nke nfet num tu ngata’yoñ.",,Francais_2 traduit (1).docx,,,needs_manual_alignment,Paragraph appears to mix French and Médumba; manual alignment required before import as bilingual passage.
ss_00204,hunter_and_genie,31,,"L'homme voulut le tuer, l'aigle dit : mandum diag nezwi i, ghamatat tshob ndù :",,Francais_2 traduit (1).docx,,,needs_manual_alignment,Paragraph appears to mix French and Médumba; manual alignment required before import as bilingual passage.
ss_00205,hunter_and_genie,32,,- Que vas-tu faire de moi ? Oa’ lo’ àm ngù ke yi à ?,,Francais_2 traduit (1).docx,,,needs_manual_alignment,Paragraph appears to mix French and Médumba; manual alignment required before import as bilingual passage.
ss_00206,hunter_and_genie,33,,"- On a volé ma femme, je suis à sa recherche. Si tu m'attaques, je te tue tout de suite. Bo yi nzwi àm, me tshwèt ndiag i. O kam àm, mba m’a’ zwi o à kua’ ndonni.",,Francais_2 traduit (1).docx,,,needs_manual_alignment,Paragraph appears to mix French and Médumba; manual alignment required before import as bilingual passage.
ss_00207,hunter_and_genie,34,,L'aigle lui dit : Ghamatat tshob yi ndù :,,Francais_2 traduit (1).docx,,,needs_manual_alignment,Paragraph appears to mix French and Médumba; manual alignment required before import as bilingual passage.
ss_00208,hunter_and_genie,35,,"- Allons-y, je vais t'aider. Ce que deux ou trois peuvent faire, quatre le pourront mieux. Bag bin nène, m’a’ ywimd’o. Ju ze ben bàa ke tat lo ku’ni neghù a bwô là, mba be ben kuà ghù a bèn mbwô ntshùade.",,Francais_2 traduit (1).docx,,,needs_manual_alignment,Paragraph appears to mix French and Médumba; manual alignment required before import as bilingual passage.
ss_00209,hunter_and_genie,36,,"L'homme, avec les trois animaux, chemina dans la brousse. Quand ils arrivèrent au bord du fleuve, le lion creusa un trou profond ; ils s'y tapirent, bien cachés. Mandum boa tshen nyàm nà tse tat nke nzinde ntùm mfèn. Ngelañ bo kum mbañ kañ ntse là, ngwayit tswe’ ta’ tô a nèn nsi; bo lem wut yub tô bwe.",,Francais_2 traduit (1).docx,,,needs_manual_alignment,Paragraph appears to mix French and Médumba; manual alignment required before import as bilingual passage.
ss_00210,hunter_and_genie,37,,"Vers onze heures, l'antilope-Koba arriva pour boire au rocher du fleuve. Le lion bondit et tomba sur elle ; il l'éventra. La petite antilope sortit du ventre et se mit à courir. Le chien la poursuivit. Ils coururent sur deux longueurs de sas, le chien l'attrapa et l'éventra. Un corbeau en sortit et s'envola. L'aigle le rencontra en l'air et le percuta : le corbeau tomba, l'aigle l'éventra. Un œuf en sortit et roula sur le sol, le chasseur l'écrasa. Num nyam ntshob ntshù’ ghame, nyàmdiañ Koba se’ nu ntse z’a num ntum ntùm loñ z’a be ntùm nkañ ntse là. Ngwayit tum ngwù num i, mbag bam se. Meto’ nyàmdiañ tum bam i nto’de nekù nde. Mbwe gwù nyam i nta’ i. Bo kù nde kà nèn ngùànesà, mbwe ghom nyàmdiañ mbag bam se. Ta’ mala tum, mfele. Ghamatat kod’i ntsham i: mala gwù ntam nsi, ghamatat bag bam se. Ta’ bumngab tum mbwoñde nsi, ngata’yoñ nywi’t’é.",,Francais_2 traduit (1).docx,,,needs_manual_alignment,Paragraph appears to mix French and Médumba; manual alignment required before import as bilingual passage.
ss_00211,hunter_and_genie,38,,"Aussitôt on entendit de l'autre rive du fleuve, les cris de nombreuses femmes. Kua’ sen ngelañ nà, bo ju’ bènnzwi yàm nke ntô num mo’ yoñ kañntse.",,Francais_2 traduit (1).docx,,,needs_manual_alignment,Paragraph appears to mix French and Médumba; manual alignment required before import as bilingual passage.
ss_00212,hunter_and_genie,39,,"L'homme retourna à la ville pour appeler les habitants. Quand ils vinrent, chacun prit sa pirogue. Mandum bèn ntùm tùsô tsiañ benntùn bo se’e. ngelañ bo kum nà, mba wù lo lo’ se kenu.",,Francais_2 traduit (1).docx,,,needs_manual_alignment,Paragraph appears to mix French and Médumba; manual alignment required before import as bilingual passage.
ss_00213,hunter_and_genie,40,,"Le chasseur, lui, monta sur le lion et ils traversèrent le fleuve. Là-bas, il reconnut sa femme, la reprit et rentra avec elle. Ngata’yoñ ko’ ze num ngwayit, nèn mo’ yoñ kañntse. A kum mà bwe, njen nzwi i, ndo’ i mbèn bo yi.",,Francais_2 traduit (1).docx,,,needs_manual_alignment,Paragraph appears to mix French and Médumba; manual alignment required before import as bilingual passage.
ss_00214,hunter_and_genie,41,,C'est là que le conte alla tomber dans la mer ; celui qui le respire ira au paradis. A ndùlàlà ze tshô mi là. Mènntùn z’a tshwèt nziag là a nèn paradis.,,Francais_2 traduit (1).docx,,,needs_manual_alignment,Paragraph appears to mix French and Médumba; manual alignment required before import as bilingual passage.